customer_id,account_age_days,customer_segment_encoded,region_encoded,acquisition_channel_encoded,transaction_count,average_transaction_amount,max_transaction_amount,total_transaction_amount,failed_transaction_count,high_value_transaction_flag,transaction_risk_score,support_ticket_count,average_resolution_time_hours,complaint_count,satisfaction_score,support_risk_score,login_count_30d,days_since_last_login,session_count_30d,activity_decline_score,engagement_risk_score,treatment_flag,experiment_group_encoded,pre_post_period_encoded,intervention_exposed,conversion_flag,retention_flag,fraud_label,churn_label,anomaly_label
CUST-000001,176,1,0,0,6,124.6683,286.4,748.01,3,1,0.5059,1,13.29,0,3.93,0.1518,10,2.7,13,0.074,0.1697,0,0,1,0,0,1,0,0,0
CUST-000002,1415,1,0,0,5,72.878,94.8,364.39,3,0,0.1376,1,5.96,0,4.01,0.1258,8,5.7,17,0.184,0.2626,0,0,0,0,0,1,0,0,0
CUST-000003,1199,0,0,0,4,35.555,45.56,142.22,0,0,0.0043,1,31.99,1,2.75,0.3546,14,15.0,19,0.266,0.3279,0,0,0,0,0,1,0,0,0
CUST-000004,809,0,1,2,3,20.93,29.71,62.79,3,0,0.1314,1,8.79,0,4.8,0.105,13,4.7,19,0.125,0.1839,1,1,1,1,0,1,0,0,0
CUST-000005,798,0,1,0,5,43.898,62.12,219.49,1,0,0.0488,0,0.0,0,4.31,0.0259,8,12.9,15,0.323,0.3875,1,1,0,0,0,1,0,0,0
CUST-000006,1569,1,0,3,6,59.1633,142.28,354.98,1,0,0.0564,0,0.0,0,4.72,0.0105,8,4.9,12,0.056,0.1981,1,1,0,0,0,1,0,0,0
CUST-000007,170,1,0,3,4,122.845,316.98,491.38,1,1,0.4231,4,11.15,1,4.07,0.4498,10,10.2,18,0.024,0.2122,0,0,1,0,1,1,0,0,0
CUST-000008,1277,0,3,3,5,30.172,53.95,150.86,2,0,0.0909,0,0.0,0,4.66,0.0127,11,1.7,13,0.149,0.1861,1,1,1,1,0,1,0,0,0
CUST-000009,379,0,0,1,3,54.6833,79.21,164.05,2,0,0.0933,2,3.58,0,4.61,0.1658,11,12.5,20,0.0,0.2126,0,0,1,0,0,0,0,0,0
CUST-000010,185,0,1,4,4,20.1125,35.79,80.45,2,0,0.1891,2,10.48,1,4.02,0.3096,13,11.2,19,0.201,0.2744,0,0,1,0,0,1,1,0,0
CUST-000011,967,0,1,0,6,45.7317,67.59,274.39,2,0,0.0922,0,0.0,0,4.65,0.0131,11,3.0,21,0.031,0.1443,0,0,1,0,1,1,0,0,0
CUST-000012,1780,1,0,1,1,66.8,66.8,66.8,0,0,0.0064,1,1.31,0,4.3,0.1004,8,6.8,16,0.227,0.2915,1,1,0,0,1,1,0,0,0
CUST-000013,1346,0,0,1,1,35.6,35.6,35.6,0,0,0.0034,3,18.86,0,3.83,0.313,15,16.2,20,0.179,0.2905,1,1,1,1,0,1,0,0,0
CUST-000014,1392,0,0,4,1,33.91,33.91,33.91,2,0,0.0889,0,0.0,0,4.56,0.0165,12,10.0,14,0.194,0.2696,1,1,0,0,0,1,0,0,0
CUST-000015,1313,2,2,2,9,361.05,1306.39,3249.45,4,1,0.746,1,12.66,0,4.24,0.1382,16,4.8,18,0.096,0.1457,1,1,0,0,0,1,1,0,1
CUST-000016,1437,0,0,3,6,39.4433,103.64,236.66,2,0,0.0956,2,21.6,1,3.76,0.3542,11,11.2,18,0.407,0.3845,0,0,1,0,0,1,0,0,0
CUST-000017,943,0,0,0,3,69.6633,151.81,208.99,1,0,0.0573,1,22.65,1,3.97,0.2796,16,22.9,24,0.393,0.4361,0,0,0,0,0,1,0,0,0
CUST-000018,246,0,0,4,9,70.1267,210.33,631.14,5,1,0.6843,2,63.85,0,3.12,0.4105,13,2.3,16,0.146,0.1726,1,1,0,0,0,1,1,0,1
CUST-000019,1534,0,0,1,4,55.48,92.94,221.92,1,0,0.0517,1,3.4,0,4.23,0.1095,9,12.2,16,0.134,0.2877,1,1,0,0,0,1,0,0,0
CUST-000020,830,0,1,1,2,50.125,51.19,100.25,1,0,0.0477,1,35.2,0,2.96,0.2568,16,9.7,22,0.243,0.2543,1,1,1,1,0,1,0,0,0
CUST-000021,920,0,0,4,4,66.6375,84.74,266.55,2,0,0.1938,0,0.0,0,4.33,0.0251,13,2.7,17,0.064,0.1391,0,0,1,0,1,1,1,0,0
CUST-000022,686,0,1,1,5,40.258,89.88,201.29,5,0,0.2229,1,16.46,0,3.72,0.1696,14,10.0,18,0.189,0.2499,1,1,0,0,0,1,0,0,0
CUST-000023,345,0,1,1,2,23.325,25.7,46.65,1,0,0.0453,1,5.37,0,4.21,0.1164,12,5.1,18,0.108,0.1884,0,0,0,0,0,1,0,0,0
CUST-000024,1692,0,2,2,2,18.985,20.17,37.97,1,0,0.0448,1,9.3,0,4.45,0.1198,19,6.3,28,0.242,0.1983,0,0,1,0,0,1,0,0,0
CUST-000025,1429,1,0,0,4,144.0325,473.89,576.13,1,1,0.4381,4,8.26,0,4.42,0.3276,15,11.2,22,0.207,0.2597,0,0,1,0,0,1,0,0,0
CUST-000026,1180,0,2,1,1,26.51,26.51,26.51,2,0,0.0882,0,0.0,0,5.0,0.0,16,10.9,20,0.119,0.2089,0,0,0,0,1,1,0,0,0
CUST-000027,743,0,1,0,3,28.7,47.57,86.1,0,0,0.0045,0,0.0,0,4.77,0.0086,15,10.8,21,0.13,0.2216,1,1,0,0,0,1,0,0,0
CUST-000028,1504,0,0,0,4,79.8325,110.19,319.33,2,0,0.0962,2,30.82,2,3.6,0.489,17,30.8,20,0.579,0.5796,1,1,1,1,1,0,0,0,0
CUST-000029,1002,1,2,3,1,117.04,117.04,117.04,1,0,0.154,1,42.0,0,3.8,0.2466,11,7.1,20,0.153,0.2347,0,0,0,0,0,1,1,0,0
CUST-000030,817,1,2,2,3,33.3567,56.93,100.07,3,0,0.234,1,9.36,0,4.75,0.1087,10,3.3,15,0.0,0.1416,0,0,1,0,0,1,1,0,0
CUST-000031,830,0,0,1,4,39.135,59.83,156.54,1,0,0.0486,0,0.0,0,4.47,0.0199,7,12.3,12,0.396,0.4239,1,1,0,0,0,1,0,0,0
CUST-000032,426,0,2,1,8,77.9,225.52,623.2,1,1,0.4144,1,6.32,1,3.62,0.2415,11,9.7,18,0.074,0.2217,0,0,1,0,1,1,0,0,0
CUST-000033,181,0,1,1,6,53.3067,102.44,319.84,5,0,0.2241,3,26.38,1,3.33,0.4553,14,5.3,17,0.124,0.18,0,0,1,0,0,1,0,0,0
CUST-000034,1018,0,1,2,1,52.45,52.45,52.45,0,0,0.005,1,17.23,0,4.17,0.1551,11,5.1,16,0.02,0.1575,0,0,1,0,1,1,0,0,0
CUST-000035,1622,0,3,4,5,84.288,128.08,421.44,3,0,0.1408,0,0.0,0,4.38,0.0233,18,18.5,23,0.286,0.3325,1,1,1,1,0,1,0,0,0
CUST-000036,130,0,0,4,3,35.9733,41.66,107.92,1,0,0.0468,1,3.19,0,4.17,0.1111,12,1.2,14,0.0,0.106,1,1,0,0,0,1,0,0,0
CUST-000037,1568,0,2,1,5,17.104,25.13,85.52,2,0,0.0881,2,14.76,0,4.38,0.2095,8,9.5,11,0.38,0.3837,0,0,0,0,0,1,0,0,0
CUST-000038,1513,0,0,1,4,106.4675,301.21,425.87,2,1,0.4644,0,0.0,0,4.25,0.0281,16,4.9,19,0.114,0.1546,1,1,1,1,0,1,0,0,0
CUST-000039,515,0,2,1,3,56.7867,79.51,170.36,1,0,0.0504,2,2.26,1,3.56,0.3011,7,10.4,12,0.425,0.4205,1,1,1,1,0,1,0,1,0
CUST-000040,1158,0,1,2,2,30.005,36.81,60.01,0,0,0.0035,0,0.0,0,4.21,0.0296,12,4.3,19,0.304,0.2697,0,0,1,0,0,1,0,0,0
CUST-000041,314,1,0,1,3,169.8967,228.73,509.69,3,1,0.5004,1,14.5,0,4.16,0.1469,14,10.6,17,0.181,0.2515,1,1,0,0,0,1,0,0,0
CUST-000042,1387,0,0,2,5,108.204,423.11,541.02,6,1,0.7475,2,39.59,2,2.36,0.563,10,15.6,15,0.38,0.4192,0,0,1,0,0,1,1,1,1
CUST-000043,1282,2,0,1,6,293.8983,455.65,1763.39,4,1,0.6649,3,28.28,0,3.81,0.3432,20,5.4,24,0.035,0.0886,1,1,0,0,0,0,1,0,1
CUST-000044,656,0,0,1,7,69.9,185.88,489.3,3,0,0.2463,2,11.1,1,4.08,0.3093,7,6.1,9,0.352,0.3504,1,1,0,0,0,1,1,0,0
CUST-000045,137,1,0,1,8,112.1212,274.05,896.97,6,1,0.6333,1,9.83,0,4.56,0.1173,13,10.3,17,0.108,0.2248,0,0,0,0,0,1,0,0,1
CUST-000046,1771,2,0,1,3,213.42,318.06,640.26,2,1,0.4661,3,7.2,0,4.19,0.2629,17,13.0,21,0.216,0.262,1,1,1,1,0,1,0,0,0
CUST-000047,821,2,0,0,3,197.6467,247.14,592.94,2,1,0.4593,1,6.58,0,3.98,0.1289,15,27.2,15,0.497,0.5289,1,1,1,1,0,1,0,1,0
CUST-000048,1631,1,0,0,4,104.74,190.76,418.96,2,0,0.1039,1,10.41,1,3.69,0.2517,13,6.2,19,0.159,0.2122,0,0,1,0,0,1,0,0,0
CUST-000049,1242,1,1,2,4,131.77,232.26,527.08,0,1,0.3722,0,0.0,0,4.83,0.0064,9,6.1,12,0.05,0.1971,1,1,1,1,0,1,0,0,0
CUST-000050,1423,1,1,1,7,198.99,993.15,1392.93,1,1,0.4876,0,0.0,0,4.91,0.0034,8,3.5,15,0.089,0.2008,1,1,0,0,1,1,0,0,0
CUST-000051,1390,1,1,0,6,101.6683,204.86,610.01,4,1,0.541,1,12.9,0,4.4,0.1329,12,0.8,21,0.063,0.1309,1,1,0,0,0,1,0,0,0
CUST-000052,367,0,0,2,7,49.6671,88.05,347.67,1,0,0.0513,2,4.49,2,4.01,0.3912,13,15.7,22,0.232,0.3274,1,1,0,0,0,1,0,0,0
CUST-000053,673,0,2,3,4,65.005,86.93,260.02,2,0,0.194,2,19.38,0,4.72,0.2112,8,7.3,14,0.11,0.2432,0,0,0,0,1,1,1,0,0
CUST-000054,859,0,1,0,3,164.5167,433.03,493.55,1,1,0.4342,1,12.73,0,4.11,0.1432,17,3.4,23,0.051,0.1046,0,0,1,0,0,1,0,0,0
CUST-000055,916,1,0,3,3,61.3367,140.28,184.01,2,0,0.0991,0,0.0,0,5.0,0.0,18,14.1,23,0.226,0.2673,0,0,0,0,0,1,0,0,0
CUST-000056,94,0,0,4,2,34.945,42.19,69.89,1,0,0.0469,1,5.54,0,4.37,0.111,10,14.9,16,0.262,0.36,1,1,1,1,1,1,0,0,0
CUST-000057,1004,0,1,2,7,26.8414,51.46,187.89,4,0,0.2763,1,6.86,0,4.79,0.0994,16,12.3,26,0.247,0.2786,1,1,1,1,0,1,1,0,0
CUST-000058,294,1,0,2,10,150.948,457.87,1509.48,7,1,0.6937,1,8.82,0,4.63,0.1115,6,6.0,10,0.338,0.3519,1,1,1,1,0,1,0,0,1
CUST-000059,1360,0,1,0,5,44.856,79.82,224.28,1,0,0.0505,0,0.0,0,3.91,0.0409,22,9.8,31,0.102,0.1395,0,0,0,0,1,1,0,0,0
CUST-000060,1251,0,3,4,6,30.21,52.31,181.26,1,0,0.0478,0,0.0,0,4.26,0.0278,10,3.9,20,0.032,0.1612,1,1,1,1,1,1,0,0,0
CUST-000061,1684,0,0,1,4,35.69,57.67,142.76,1,0,0.0484,0,0.0,0,4.17,0.0311,15,12.7,21,0.286,0.3083,1,1,0,0,0,1,0,0,0
CUST-000062,1363,0,0,4,2,98.69,189.36,197.38,1,0,0.0609,2,15.02,1,3.15,0.3564,6,5.2,13,0.244,0.3027,1,1,0,0,0,1,0,0,0
CUST-000063,678,0,3,2,4,55.4975,154.59,221.99,3,0,0.2433,1,21.86,0,4.36,0.1625,16,16.9,22,0.249,0.3193,1,1,1,1,0,1,1,0,0
CUST-000064,1766,0,1,0,5,75.794,138.63,378.97,4,0,0.1847,4,38.14,1,3.92,0.54,12,11.3,19,0.068,0.2241,0,0,0,0,0,0,0,0,0
CUST-000065,758,0,0,0,4,53.0775,169.41,212.31,0,0,0.0162,0,0.0,0,4.51,0.0184,12,2.8,17,0.045,0.1402,0,0,1,0,1,1,0,0,0
CUST-000066,604,0,2,2,3,26.7033,34.18,80.11,3,0,0.1318,1,16.69,0,4.48,0.1418,16,15.7,20,0.289,0.3269,0,0,1,0,0,1,0,0,0
CUST-000067,1654,0,2,2,3,38.84,52.25,116.52,0,0,0.005,0,0.0,0,5.0,0.0,14,14.9,18,0.09,0.2478,0,0,0,0,1,1,0,0,0
CUST-000068,685,1,1,0,5,80.122,161.05,400.61,2,0,0.1011,1,1.54,0,4.63,0.0887,17,13.6,23,0.141,0.2334,0,0,1,0,0,1,0,1,0
CUST-000069,153,0,1,3,6,67.0917,126.34,402.55,0,0,0.0121,2,7.64,0,4.4,0.1864,15,14.1,19,0.121,0.2462,1,1,0,0,0,1,0,0,0
CUST-000070,864,2,0,3,2,129.71,155.94,259.42,2,0,0.1006,0,0.0,0,4.51,0.0184,12,8.0,16,0.197,0.2536,0,0,1,0,1,0,0,0,0
CUST-000071,1455,2,0,1,3,246.9667,433.46,740.9,0,1,0.3913,1,18.46,0,4.33,0.1529,16,9.7,21,0.008,0.1485,0,0,1,0,0,1,0,0,0
CUST-000072,357,0,1,1,4,108.04,327.54,432.16,0,1,0.3812,0,0.0,0,4.91,0.0034,6,7.0,15,0.31,0.348,0,0,0,0,0,1,0,0,0
CUST-000073,852,0,0,0,3,65.4867,136.21,196.46,1,0,0.0558,4,7.0,1,4.14,0.4342,12,1.7,19,0.086,0.1491,1,1,0,0,0,1,0,0,0
CUST-000074,250,0,1,3,3,42.7867,60.46,128.36,1,0,0.0486,1,31.59,1,3.51,0.3248,13,11.2,17,0.202,0.2749,1,1,0,0,0,1,0,0,0
CUST-000075,1257,1,2,1,3,117.1533,259.19,351.46,1,1,0.4176,3,4.9,0,4.46,0.2456,14,2.2,18,0.002,0.0982,0,0,1,0,1,1,0,0,0
CUST-000076,876,1,0,3,2,63.225,88.72,126.45,0,0,0.0085,4,9.43,1,3.36,0.471,10,3.5,16,0.086,0.1821,1,1,0,0,0,1,0,0,0
CUST-000077,612,1,1,1,8,122.1175,250.41,976.94,1,1,0.4167,1,10.82,0,4.64,0.1174,16,5.0,18,0.166,0.1789,1,1,1,1,0,1,0,0,0
CUST-000078,425,0,0,2,4,40.285,53.29,161.14,5,0,0.2194,0,0.0,0,4.15,0.0319,9,8.4,17,0.181,0.276,1,1,0,0,0,1,0,0,0
CUST-000079,1036,1,2,0,7,78.0014,155.44,546.01,4,0,0.2863,2,53.45,1,3.03,0.4813,11,23.9,17,0.219,0.41,1,1,1,1,0,0,1,0,1
CUST-000080,1227,0,0,0,4,49.4375,113.61,197.75,2,0,0.0966,0,0.0,0,4.86,0.0052,21,5.0,29,0.175,0.1395,1,1,0,0,0,1,0,0,0
CUST-000081,1716,1,1,3,5,169.422,385.99,847.11,0,1,0.3868,3,18.04,1,3.3,0.4303,12,25.1,15,0.451,0.5161,1,1,1,1,0,1,0,0,0
CUST-000082,806,0,1,1,4,89.56,180.47,358.24,3,0,0.2458,1,12.8,1,3.62,0.2618,15,14.6,21,0.241,0.3045,0,0,1,0,0,1,1,0,0
CUST-000083,305,1,0,1,2,80.68,131.42,161.36,1,0,0.0554,0,0.0,0,5.0,0.0,14,10.3,20,0.013,0.1733,1,1,0,0,1,1,0,0,0
CUST-000084,1522,1,1,4,6,105.89,230.23,635.34,4,1,0.5434,2,21.35,1,3.59,0.3598,14,4.5,19,0.052,0.1406,0,0,0,0,0,1,0,0,0
CUST-000085,1154,0,1,4,1,134.07,134.07,134.07,3,0,0.2414,0,0.0,0,4.17,0.0311,16,8.5,20,0.071,0.1665,0,0,1,0,0,1,1,0,0
CUST-000086,1282,0,1,3,2,53.705,64.31,107.41,2,0,0.0918,0,0.0,0,4.88,0.0045,10,9.0,13,0.052,0.2144,1,1,1,1,1,1,0,0,0
CUST-000087,190,0,2,0,1,15.82,15.82,15.82,0,0,0.0015,1,38.38,1,2.92,0.3682,13,12.6,17,0.199,0.2857,1,1,1,1,0,1,0,0,0
CUST-000088,580,1,3,2,4,111.5575,175.86,446.23,1,0,0.0596,0,0.0,0,3.93,0.0401,14,4.7,23,0.036,0.1352,1,1,0,0,1,1,0,0,0
CUST-000089,1404,0,0,3,4,77.2925,141.72,309.17,2,0,0.0992,0,0.0,0,4.78,0.0082,13,14.9,19,0.211,0.311,1,1,1,1,1,1,0,0,0
CUST-000090,1521,2,1,1,5,700.91,2261.48,3504.55,0,1,0.5657,1,11.5,0,3.99,0.1439,17,7.8,17,0.189,0.2048,1,1,1,1,1,1,0,0,1
CUST-000091,802,0,0,0,2,53.845,89.79,107.69,2,0,0.0943,0,0.0,0,4.71,0.0109,12,11.2,19,0.207,0.2858,1,1,1,1,0,1,0,0,0
CUST-000092,1471,2,2,3,3,160.2367,180.36,480.71,1,0,0.0601,2,18.72,0,3.85,0.2418,8,7.4,11,0.183,0.2769,1,1,0,0,0,1,0,1,0
CUST-000093,1538,1,1,1,7,130.9243,302.82,916.47,7,1,0.6789,2,5.57,0,4.71,0.1683,9,18.2,15,0.304,0.4162,0,0,0,0,0,1,0,0,1
CUST-000094,716,0,0,2,6,45.4117,168.4,272.47,3,0,0.2446,0,0.0,0,4.66,0.0127,2,3.7,6,0.424,0.4055,0,0,1,0,0,1,1,0,0
CUST-000095,1640,1,0,4,3,207.82,340.52,623.46,2,1,0.4682,1,14.98,1,2.87,0.2968,15,9.9,17,0.145,0.2206,0,0,1,0,0,1,0,1,0
CUST-000096,536,1,2,2,3,92.61,209.34,277.83,1,1,0.4128,1,27.88,1,3.59,0.3102,12,2.8,15,0.093,0.1618,1,1,1,1,0,1,0,0,0
CUST-000097,448,2,0,1,3,217.84,259.68,653.52,1,1,0.4176,0,0.0,0,4.5,0.0188,13,11.8,20,0.113,0.24,1,1,1,1,1,1,0,0,0
CUST-000098,1250,0,1,1,3,18.2067,28.7,54.62,0,0,0.0027,0,0.0,0,5.0,0.0,7,3.4,14,0.323,0.3139,1,1,0,0,0,1,0,0,0
CUST-000099,1167,0,0,1,5,49.924,84.4,249.62,0,0,0.0081,0,0.0,0,4.74,0.0097,13,6.7,19,0.158,0.2161,0,0,1,0,1,1,0,0,0
CUST-000100,267,0,3,0,5,74.744,166.06,373.72,0,0,0.0158,0,0.0,0,4.86,0.0052,10,6.1,13,0.0,0.1659,1,1,1,1,0,1,0,0,0
CUST-000101,1522,0,0,3,4,30.55,68.69,122.2,2,0,0.0923,1,17.79,0,3.91,0.1666,11,29.1,14,0.492,0.5779,1,1,1,1,0,1,0,0,0
CUST-000102,376,0,0,3,4,27.4725,35.38,109.89,0,0,0.1034,2,51.69,0,3.03,0.3758,9,4.7,15,0.211,0.2574,1,1,1,1,0,1,1,0,0
CUST-000103,1471,0,2,0,7,35.5229,69.01,248.66,1,0,0.1494,0,0.0,0,4.59,0.0154,13,15.0,19,0.281,0.3434,0,0,1,0,0,1,1,1,0
CUST-000104,28,0,2,0,7,28.2343,75.18,197.64,0,0,0.0072,2,18.93,0,4.0,0.2368,9,0.8,16,0.03,0.1422,1,1,0,0,0,1,0,0,0
CUST-000105,1457,0,0,3,4,73.8875,131.72,295.55,0,0,0.0126,0,0.0,0,5.0,0.0,11,8.4,17,0.135,0.2379,1,1,1,1,1,1,0,0,0
CUST-000106,1439,0,1,0,5,30.064,50.75,150.32,2,0,0.0906,2,34.35,2,2.79,0.5305,10,18.8,14,0.327,0.4231,1,1,1,1,0,1,0,0,0
CUST-000107,1427,1,1,1,4,69.9875,161.09,279.95,1,0,0.0582,3,24.13,0,3.57,0.3392,16,1.8,19,0.092,0.1179,0,0,0,0,0,1,0,0,0
CUST-000108,1218,1,2,1,1,145.47,145.47,145.47,0,0,0.0139,1,5.01,0,4.19,0.1161,9,14.6,16,0.179,0.3288,0,0,1,0,1,1,0,0,0
CUST-000109,868,0,0,2,5,39.694,58.92,198.47,3,0,0.2342,1,40.3,0,3.93,0.2364,12,7.4,18,0.075,0.1935,0,0,0,0,1,1,1,0,0
CUST-000110,1291,0,1,0,4,31.21,42.37,124.84,4,0,0.1755,4,14.29,1,3.73,0.4724,13,1.1,20,0.149,0.1635,0,0,0,0,0,1,0,1,0
CUST-000111,516,2,1,2,3,176.8733,347.81,530.62,0,1,0.3832,0,0.0,0,4.52,0.018,18,15.9,24,0.268,0.3018,1,1,1,1,0,1,0,0,0
CUST-000112,1428,0,1,1,2,128.15,165.92,256.3,1,0,0.0587,1,29.92,0,4.22,0.193,8,12.2,18,0.425,0.4274,1,1,1,1,0,1,0,1,0
CUST-000113,1020,0,2,2,2,31.0,40.47,62.0,1,0,0.0467,0,0.0,0,4.28,0.027,16,4.1,23,0.308,0.235,1,1,1,1,1,1,0,1,0
CUST-000114,845,0,1,0,6,40.7667,58.51,244.6,2,0,0.0913,1,9.4,0,3.58,0.1527,10,12.7,14,0.172,0.3005,0,0,1,0,0,1,0,0,0
CUST-000115,930,1,0,1,4,86.5225,222.51,346.09,2,1,0.4569,0,0.0,0,4.3,0.0263,11,1.9,14,0.0,0.1208,0,0,1,0,0,1,0,0,0
CUST-000116,1044,0,2,1,5,39.64,97.12,198.2,1,0,0.1521,3,8.94,1,4.01,0.3751,14,5.2,21,0.066,0.153,1,1,0,0,1,1,1,0,0
CUST-000117,82,1,2,0,5,46.05,78.81,230.25,1,0,0.0504,2,16.27,0,4.11,0.2243,14,8.3,21,0.226,0.2519,1,1,1,1,0,1,0,0,0
CUST-000118,268,1,2,0,6,79.8033,167.02,478.82,4,0,0.1874,3,3.59,2,3.06,0.494,7,8.0,14,0.382,0.3803,1,1,1,1,0,1,0,0,0
CUST-000119,459,0,0,0,5,59.074,198.84,295.37,1,0,0.0618,1,8.98,0,4.73,0.1083,19,10.9,25,0.364,0.293,1,1,1,1,0,1,0,0,0
CUST-000120,222,1,0,1,3,110.4767,185.87,331.43,0,0,0.0177,0,0.0,0,4.66,0.0127,15,28.6,19,0.474,0.5306,1,1,1,1,0,1,0,0,0
CUST-000121,810,1,1,0,4,115.51,228.76,462.04,5,1,0.5861,0,0.0,0,4.74,0.0097,8,3.4,11,0.195,0.2476,1,1,0,0,0,1,0,0,0
CUST-000122,1224,0,0,4,1,68.78,68.78,68.78,2,0,0.0923,1,18.88,0,4.27,0.1565,16,9.4,20,0.1,0.1873,1,1,0,0,0,1,0,0,0
CUST-000123,1199,0,3,1,2,43.95,54.04,87.9,1,0,0.048,2,26.35,0,3.49,0.2792,14,9.6,18,0.0,0.1614,0,0,1,0,1,1,0,0,0
CUST-000124,867,0,0,3,2,61.24,88.83,122.48,1,0,0.1513,2,10.07,1,4.0,0.309,11,16.9,23,0.278,0.3759,0,0,1,0,1,0,1,1,0
CUST-000125,1562,0,1,4,3,108.2433,255.18,324.73,2,1,0.4601,3,12.45,0,4.61,0.2636,8,7.9,14,0.14,0.2619,1,1,1,1,0,0,0,0,0
CUST-000126,1038,0,2,0,1,19.82,19.82,19.82,0,0,0.0019,2,12.91,1,4.23,0.3093,10,1.5,14,0.077,0.1607,0,0,0,0,1,1,0,0,0
CUST-000127,158,2,0,2,6,378.125,740.28,2268.75,2,1,0.5063,0,0.0,0,4.85,0.0056,10,8.8,15,0.0,0.1893,0,0,0,0,0,1,0,0,1
CUST-000128,1399,0,0,3,2,48.29,73.29,96.58,0,0,0.007,1,6.46,0,4.62,0.1045,18,1.3,23,0.0,0.0547,0,0,1,0,1,1,0,0,0
CUST-000129,1055,0,1,2,5,30.734,49.58,153.67,0,0,0.0047,1,14.36,0,3.63,0.1664,14,15.9,18,0.286,0.3447,1,1,0,0,0,1,0,1,0
CUST-000130,1163,1,1,1,5,126.112,227.27,630.56,6,1,0.6288,2,23.48,1,3.56,0.3675,8,8.2,16,0.266,0.3212,0,0,1,0,0,1,0,0,1
CUST-000131,1038,0,0,1,3,21.2867,36.43,63.86,1,0,0.0463,0,0.0,0,4.27,0.0274,7,10.6,11,0.324,0.3768,1,1,1,1,1,1,0,0,0
CUST-000132,1016,2,1,0,6,263.5067,413.28,1581.04,4,1,0.6608,0,0.0,0,5.0,0.0,17,3.7,24,0.211,0.1792,1,1,0,0,0,1,1,0,1
CUST-000133,178,1,3,1,3,42.0133,59.21,126.04,1,0,0.0485,0,0.0,0,5.0,0.0,11,3.9,16,0.19,0.2236,1,1,1,1,0,1,0,0,0
CUST-000134,1027,0,1,4,4,26.3475,41.81,105.39,0,0,0.004,1,9.18,0,4.04,0.1348,10,12.1,17,0.146,0.2836,0,0,1,0,0,0,0,1,0
CUST-000135,1453,0,0,4,5,98.266,268.11,491.33,3,1,0.6041,1,20.01,0,4.08,0.1672,4,6.7,10,0.54,0.4663,1,1,0,0,0,0,1,0,0
CUST-000136,565,2,0,0,2,180.055,230.68,360.11,3,1,0.5006,0,0.0,0,4.69,0.0116,10,4.7,15,0.219,0.2523,1,1,0,0,0,1,0,0,0
CUST-000137,1106,1,0,2,6,91.7517,150.61,550.51,5,0,0.2287,2,24.41,1,3.86,0.3592,9,18.8,14,0.353,0.4435,0,0,0,0,0,1,0,1,0
CUST-000138,70,2,0,0,2,436.195,816.11,872.39,0,1,0.4278,0,0.0,0,4.01,0.0371,8,8.9,19,0.252,0.3209,1,1,1,1,0,1,0,0,0
CUST-000139,643,0,0,4,4,51.2375,81.58,204.95,3,0,0.2364,1,9.34,0,3.59,0.1521,13,5.2,26,0.083,0.1694,0,0,1,0,1,1,1,0,0
CUST-000140,805,1,1,0,5,284.266,510.99,1421.33,0,1,0.4987,3,26.35,2,3.05,0.5657,10,9.3,14,0.103,0.24,1,1,1,1,0,1,1,0,0
CUST-000141,1793,1,0,4,1,99.22,99.22,99.22,1,0,0.0523,2,10.82,0,3.44,0.2324,17,5.9,18,0.055,0.128,1,1,1,1,0,1,0,0,0
CUST-000142,403,0,3,3,2,20.27,27.97,40.54,0,0,0.0027,2,14.4,2,3.4,0.4451,9,11.4,11,0.345,0.3758,1,1,1,1,0,1,0,0,0
CUST-000143,515,0,0,0,4,41.1325,73.32,164.53,1,0,0.0499,1,16.9,1,3.93,0.2631,5,3.5,7,0.344,0.3416,1,1,0,0,1,1,0,0,0
CUST-000144,754,1,0,0,6,88.0183,216.03,528.11,3,1,0.4992,1,13.54,0,4.69,0.124,11,16.0,18,0.223,0.3433,0,0,0,0,1,0,0,0,0
CUST-000145,1811,0,2,3,2,61.15,74.2,122.3,1,0,0.1499,0,0.0,0,4.38,0.0233,11,5.9,14,0.025,0.1667,1,1,1,1,1,1,1,0,0
CUST-000146,1559,0,2,0,3,17.2833,29.26,51.85,1,0,0.0456,0,0.0,0,4.66,0.0127,18,2.7,23,0.0,0.0669,1,1,1,1,1,1,0,0,0
CUST-000147,77,1,0,1,4,149.03,218.1,596.12,2,1,0.5565,0,0.0,0,4.83,0.0064,12,3.0,21,0.037,0.1383,0,0,1,0,0,1,1,0,0
CUST-000148,438,0,0,4,2,135.055,177.67,270.11,3,0,0.1455,0,0.0,0,4.19,0.0304,10,7.0,15,0.19,0.2592,1,1,1,1,0,1,0,0,0
CUST-000149,1502,0,0,2,3,63.3733,139.66,190.12,3,0,0.2419,0,0.0,0,4.92,0.003,13,4.7,18,0.01,0.1322,1,1,0,0,0,1,1,0,0
CUST-000150,120,0,1,1,1,47.05,47.05,47.05,0,0,0.0045,1,15.42,0,4.31,0.1442,14,2.2,19,0.109,0.1464,0,0,0,0,0,1,0,0,0
CUST-000151,1563,0,1,1,3,27.8967,55.88,83.69,0,0,0.1053,2,3.09,1,3.86,0.2924,5,2.4,8,0.305,0.3146,1,1,1,1,1,1,1,0,0
CUST-000152,524,2,0,0,2,1578.54,2620.91,3157.08,0,1,0.6,1,11.96,1,3.9,0.2487,13,8.2,20,0.149,0.225,0,0,1,0,0,1,0,0,1
CUST-000153,1675,1,0,4,3,177.5933,404.07,532.78,2,1,0.4743,1,10.48,0,4.29,0.1295,16,9.7,22,0.243,0.2543,0,0,1,0,0,1,0,0,0
CUST-000154,546,0,1,0,1,23.5,23.5,23.5,0,0,0.0022,2,12.46,0,4.56,0.1955,16,8.7,20,0.212,0.2316,0,0,0,0,0,0,0,0,0
CUST-000155,801,2,3,0,1,317.16,317.16,317.16,0,1,0.3803,1,10.04,0,4.22,0.1307,9,18.4,11,0.244,0.3909,0,0,1,0,0,0,0,0,0
CUST-000156,1213,1,1,0,4,80.465,175.34,321.86,2,0,0.1024,2,14.47,1,3.87,0.3277,9,10.6,12,0.141,0.277,0,0,0,0,0,1,0,0,0
CUST-000157,243,0,1,4,6,48.2867,115.81,289.72,3,0,0.2396,3,8.92,1,3.71,0.3863,10,5.2,17,0.068,0.1887,0,0,0,0,1,0,1,0,0
CUST-000158,1023,1,0,0,3,88.39,130.93,265.17,0,0,0.0125,2,13.16,0,3.94,0.221,15,40.4,19,0.702,0.7355,1,1,1,1,0,1,0,1,0
CUST-000159,929,0,0,3,5,41.536,68.16,207.68,2,0,0.0922,1,15.4,0,4.28,0.1452,11,4.0,17,0.176,0.2182,0,0,1,0,0,0,0,0,0
CUST-000160,1433,2,0,2,4,426.2525,995.77,1705.01,2,1,0.6307,0,0.0,0,4.29,0.0266,13,2.0,17,0.038,0.1214,1,1,1,1,0,1,1,0,1
CUST-000161,1817,1,2,3,6,42.4817,68.36,254.89,0,0,0.0065,1,30.99,1,3.66,0.3173,10,12.5,16,0.345,0.3766,0,0,0,0,0,1,0,1,0
CUST-000162,1217,1,2,4,4,62.3125,75.26,249.25,4,0,0.1786,2,4.33,2,3.8,0.3986,15,24.0,20,0.343,0.4318,0,0,0,0,1,1,0,1,0
CUST-000163,755,0,2,3,3,69.7733,96.59,209.32,3,0,0.1378,2,28.4,0,3.62,0.2807,9,14.3,14,0.245,0.3559,1,1,1,1,0,1,0,0,0
CUST-000164,750,1,3,4,2,205.76,373.2,411.52,0,1,0.4856,3,6.42,0,4.51,0.2485,20,6.7,25,0.088,0.1237,0,0,1,0,0,1,1,0,0
CUST-000165,771,0,3,0,4,31.4875,44.39,125.95,0,0,0.0042,1,13.24,0,4.0,0.149,13,4.4,17,0.007,0.1282,0,0,1,0,1,1,0,0,0
CUST-000166,1488,0,3,3,3,62.9467,98.13,188.84,0,0,0.0094,2,3.3,1,3.51,0.3062,20,11.9,24,0.292,0.2606,1,1,0,0,0,1,0,0,0
CUST-000167,596,0,0,1,3,43.1833,100.67,129.55,4,0,0.281,2,1.89,0,4.34,0.1707,10,7.0,17,0.0,0.1737,0,0,1,0,1,1,1,0,0
CUST-000168,317,1,0,1,2,71.165,83.59,142.33,2,0,0.0937,1,49.73,0,3.34,0.288,15,6.5,22,0.067,0.156,0,0,0,0,0,1,0,0,0
CUST-000169,620,0,0,3,4,40.3125,94.7,161.25,1,0,0.0519,1,13.5,1,3.99,0.2502,9,19.4,14,0.465,0.4991,1,1,0,0,0,1,0,0,0
CUST-000170,56,2,1,4,3,604.5333,881.74,1813.6,0,1,0.4341,2,11.41,1,3.92,0.3162,13,1.6,21,0.001,0.1013,0,0,1,0,0,1,0,0,0
CUST-000171,207,1,0,2,6,176.0317,461.75,1056.19,5,1,0.7083,2,16.7,0,4.5,0.2111,11,10.3,18,0.257,0.3092,1,1,0,0,0,1,1,0,1
CUST-000172,177,0,2,1,1,35.19,35.19,35.19,1,0,0.0462,2,11.61,0,3.97,0.215,15,4.6,18,0.253,0.2233,0,0,1,0,0,1,0,0,0
CUST-000173,1411,0,1,1,4,87.3425,125.31,349.37,0,0,0.112,2,23.82,0,3.87,0.257,15,8.0,24,0.14,0.2019,0,0,1,0,0,0,1,0,0
CUST-000174,1322,0,1,1,1,45.26,45.26,45.26,0,0,0.0043,0,0.0,0,5.0,0.0,17,3.9,18,0.159,0.1575,0,0,0,0,0,1,0,0,0
CUST-000175,1276,0,0,1,3,37.0667,62.69,111.2,0,0,0.006,2,21.26,0,3.39,0.267,13,7.0,17,0.31,0.2871,0,0,0,0,0,1,0,0,0
CUST-000176,850,1,0,1,6,102.285,175.89,613.71,4,0,0.1882,0,0.0,0,4.44,0.021,9,32.1,19,0.617,0.6775,1,1,1,1,0,1,0,0,0
CUST-000177,1312,0,0,0,4,56.055,128.65,224.22,4,0,0.2837,0,0.0,0,4.22,0.0293,12,13.4,21,0.219,0.3103,1,1,1,1,0,1,1,0,0
CUST-000178,306,1,2,0,2,83.095,127.07,166.19,1,0,0.055,1,25.66,0,3.89,0.192,13,11.9,21,0.271,0.312,1,1,1,1,0,1,0,0,0
CUST-000179,1645,0,1,3,3,68.2267,144.69,204.68,3,0,0.1424,1,17.2,0,4.02,0.1606,16,8.2,18,0.231,0.2359,0,0,0,0,0,1,0,1,0
CUST-000180,921,1,1,1,7,164.7629,604.04,1153.34,4,1,0.579,1,5.01,0,4.69,0.0973,17,7.6,17,0.124,0.1738,1,1,1,1,0,0,0,0,1
CUST-000181,1712,2,0,4,2,167.83,282.36,335.66,0,1,0.4769,1,5.09,1,4.11,0.2193,10,8.5,19,0.104,0.2335,1,1,1,1,1,1,1,0,0
CUST-000182,290,1,0,2,7,64.2857,144.66,450.0,4,0,0.2852,1,14.7,1,3.33,0.2787,6,11.1,14,0.522,0.4789,0,0,0,0,0,1,1,1,0
CUST-000183,915,1,0,0,3,86.17,126.89,258.51,0,0,0.0121,1,20.14,0,3.89,0.1747,13,13.5,20,0.204,0.2957,0,0,0,0,0,1,0,0,0
CUST-000184,1275,1,2,0,6,83.1867,133.69,499.12,6,0,0.3699,0,0.0,0,4.6,0.015,8,25.8,12,0.626,0.6356,0,0,1,0,0,0,1,0,0
CUST-000185,912,0,2,0,7,42.17,123.48,295.19,0,0,0.0118,1,35.44,0,3.97,0.2196,10,6.7,15,0.133,0.2309,0,0,0,0,0,0,0,0,0
CUST-000186,822,0,0,4,11,68.8264,165.65,757.09,1,0,0.0587,1,21.96,0,4.9,0.1425,14,19.1,19,0.464,0.4525,0,0,0,0,0,1,0,0,0
CUST-000187,315,0,3,0,4,29.71,63.31,118.84,3,0,0.1346,0,0.0,0,4.85,0.0056,9,26.0,12,0.416,0.5342,0,0,1,0,0,1,0,0,0
CUST-000188,704,0,0,1,1,16.72,16.72,16.72,0,0,0.0016,1,14.43,1,3.43,0.2741,10,14.2,12,0.169,0.3121,1,1,0,0,0,1,0,0,0
CUST-000189,447,1,2,4,2,73.715,102.24,147.43,1,0,0.0526,0,0.0,0,4.57,0.0161,17,7.6,22,0.194,0.2053,0,0,1,0,0,1,0,0,0
CUST-000190,560,1,0,4,1,265.47,265.47,265.47,1,1,0.4182,3,4.62,2,3.65,0.4751,12,14.3,24,0.148,0.2861,0,0,1,0,1,1,0,0,0
CUST-000191,1252,1,0,0,3,93.22,126.46,279.66,1,0,0.1549,2,7.35,1,3.78,0.3088,8,2.1,12,0.145,0.2139,1,1,1,1,1,1,1,0,0
CUST-000192,1155,0,2,0,9,45.2722,120.69,407.45,2,0,0.0972,2,12.35,1,4.01,0.3158,8,23.2,13,0.611,0.6064,1,1,0,0,0,0,0,1,0
CUST-000193,1114,1,0,0,4,217.96,422.92,871.84,2,1,0.4761,2,17.52,0,3.37,0.256,9,15.1,16,0.159,0.3241,0,0,0,0,0,1,0,0,0
CUST-000194,669,0,0,0,6,29.3133,57.73,175.88,3,0,0.1341,5,15.38,1,3.96,0.5372,13,7.3,21,0.154,0.2195,0,0,1,0,0,1,0,0,0
CUST-000195,1752,0,0,0,5,32.388,59.49,161.94,1,0,0.0485,1,2.26,0,4.38,0.1003,14,6.9,23,0.213,0.2339,1,1,1,1,1,1,0,0,0
CUST-000196,173,1,0,2,2,102.51,143.24,205.02,0,0,0.0137,1,6.08,0,4.41,0.1112,14,2.6,19,0.042,0.1197,0,0,0,0,0,1,0,0,0
CUST-000197,635,2,1,4,6,403.3583,843.3,2420.15,2,1,0.5162,3,16.09,1,4.26,0.3881,14,16.6,19,0.203,0.3134,1,1,0,0,0,0,0,0,1
CUST-000198,228,0,2,1,2,66.79,67.48,133.58,0,0,0.0064,1,17.83,0,3.71,0.1742,12,7.1,19,0.097,0.2008,1,1,1,1,0,1,0,0,0
CUST-000199,628,0,2,2,1,17.08,17.08,17.08,0,0,0.0016,2,9.9,0,4.45,0.1916,8,24.5,12,0.442,0.5416,1,1,0,0,0,0,0,0,0
CUST-000200,1756,0,0,0,5,42.41,75.58,212.05,2,0,0.0929,0,0.0,0,4.88,0.0045,11,2.1,16,0.041,0.141,1,1,1,1,0,1,0,0,0
CUST-000201,677,0,1,3,3,45.8467,59.9,137.54,1,0,0.0486,1,20.48,0,4.15,0.166,8,4.0,13,0.144,0.2299,1,1,1,1,0,1,0,0,0
CUST-000202,1659,1,0,2,6,61.9383,135.73,371.63,1,0,0.1558,3,47.59,1,2.4,0.5566,16,3.6,20,0.019,0.1006,1,1,0,0,1,1,1,0,0
CUST-000203,911,1,0,3,5,274.534,645.93,1372.67,4,1,0.583,0,0.0,0,5.0,0.0,8,0.7,14,0.149,0.2035,0,0,1,0,0,1,0,0,1
CUST-000204,1281,0,0,4,2,15.0,23.31,30.0,3,0,0.2308,2,9.61,1,3.84,0.3136,19,12.5,21,0.335,0.2938,0,0,1,0,0,0,1,0,0
CUST-000205,842,0,3,1,1,53.0,53.0,53.0,0,0,0.0051,1,6.42,0,4.25,0.1182,10,3.1,11,0.078,0.175,0,0,1,0,0,1,0,0,0
CUST-000206,496,0,2,0,6,47.645,75.65,285.87,3,0,0.2358,0,0.0,0,4.49,0.0191,12,4.0,18,0.174,0.2086,1,1,1,1,0,1,1,0,0
CUST-000207,1398,2,2,0,8,263.2425,593.3,2105.94,4,1,0.678,3,19.89,2,3.07,0.5447,10,3.3,17,0.181,0.2231,0,0,0,0,0,0,1,0,1
CUST-000208,1769,0,1,1,6,32.5117,122.36,195.07,2,0,0.0974,2,18.4,0,3.72,0.2456,10,6.0,14,0.053,0.1889,1,1,1,1,1,1,0,0,0
CUST-000209,491,1,1,4,2,44.8,78.96,89.6,0,0,0.0075,1,4.58,0,4.54,0.1016,13,21.5,17,0.38,0.4442,0,0,0,0,0,1,0,0,0
CUST-000210,1424,1,1,1,3,28.7633,30.99,86.29,3,0,0.2315,0,0.0,0,4.39,0.0229,14,11.1,19,0.151,0.2424,1,1,1,1,0,0,1,0,0
CUST-000211,487,0,1,3,3,45.7667,62.56,137.3,0,0,0.006,2,14.99,0,4.46,0.2072,16,9.2,19,0.035,0.1563,0,0,1,0,0,1,0,0,0
CUST-000212,1312,0,0,1,1,23.42,23.42,23.42,0,0,0.0022,0,0.0,0,4.78,0.0082,16,8.0,20,0.162,0.2031,1,1,0,0,0,1,0,0,0
CUST-000213,1443,2,0,0,2,286.08,479.71,572.16,1,1,0.5386,1,2.07,0,5.0,0.0765,9,5.3,14,0.054,0.192,0,0,1,0,1,1,1,0,0
CUST-000214,828,0,0,1,4,24.1175,36.1,96.47,1,0,0.0463,1,18.27,1,3.62,0.279,12,5.4,13,0.128,0.2,1,1,1,1,1,1,0,0,0
CUST-000215,1348,0,3,2,3,24.0467,26.97,72.14,3,0,0.1311,1,38.65,0,3.35,0.2529,12,8.9,14,0.023,0.1831,1,1,1,1,1,1,0,0,0
CUST-000216,507,1,1,2,5,51.118,89.73,255.59,2,0,0.0943,2,7.13,0,3.91,0.2032,13,20.0,15,0.346,0.4159,0,0,1,0,0,1,0,0,0
CUST-000217,158,1,3,1,1,48.21,48.21,48.21,0,0,0.0046,2,15.01,0,4.99,0.1874,13,5.0,16,0.0,0.1303,1,1,0,0,0,1,0,0,0
CUST-000218,189,2,0,0,2,130.96,138.19,261.92,3,0,0.1418,1,19.29,1,3.9,0.2717,9,15.4,14,0.361,0.4176,1,1,0,0,1,1,0,0,0
CUST-000219,824,0,1,2,3,48.6033,119.39,145.81,2,0,0.0971,1,1.16,1,3.88,0.2156,13,3.4,18,0.025,0.1277,1,1,0,0,0,1,0,0,0
CUST-000220,1648,0,0,0,5,67.466,103.78,337.33,0,0,0.1099,1,6.19,0,5.0,0.0894,13,12.5,18,0.169,0.2713,1,1,1,1,0,1,1,0,0
CUST-000221,245,0,0,4,7,45.72,97.84,320.04,4,0,0.1808,0,0.0,0,5.0,0.0,10,19.5,13,0.414,0.4683,0,0,1,0,0,1,0,0,0
CUST-000222,839,0,0,0,2,36.1,50.08,72.2,1,0,0.0476,1,38.49,0,3.16,0.2596,12,7.6,14,0.1,0.2065,1,1,1,1,0,1,0,0,0
CUST-000223,1289,0,0,0,3,102.4233,191.62,307.27,3,0,0.2468,2,1.08,0,4.31,0.1693,7,5.3,14,0.248,0.2966,1,1,1,1,0,1,1,0,0
CUST-000224,381,0,2,1,3,88.21,199.25,264.63,2,0,0.1047,1,10.71,0,4.29,0.1302,14,12.4,22,0.191,0.2716,1,1,1,1,1,1,0,0,0
CUST-000225,1321,0,0,1,5,75.154,137.04,375.77,1,0,0.0559,5,16.25,1,3.37,0.562,8,23.0,12,0.523,0.565,1,1,0,0,0,0,0,0,0
CUST-000226,568,0,1,1,2,19.48,24.12,38.96,0,0,0.0023,1,7.08,0,4.39,0.1151,12,15.0,15,0.333,0.3755,1,1,0,0,0,0,0,0,0
CUST-000227,1478,0,1,1,5,44.614,89.33,223.07,5,0,0.2228,2,1.39,1,4.36,0.2684,16,25.0,23,0.483,0.4948,1,1,1,1,1,1,0,0,0
CUST-000228,1063,0,0,4,4,81.555,130.81,326.22,1,0,0.0553,3,11.05,2,2.94,0.5219,12,8.1,19,0.098,0.2099,1,1,0,0,0,1,0,1,0
CUST-000229,1004,1,1,1,4,208.23,449.38,832.92,2,1,0.5786,2,6.98,0,4.53,0.1795,10,7.8,16,0.226,0.2823,0,0,1,0,0,1,1,0,0
CUST-000230,334,0,0,1,4,41.8575,59.83,167.43,2,0,0.0914,2,17.54,0,4.57,0.2111,11,2.3,20,0.0,0.1243,1,1,0,0,0,1,0,1,0
CUST-000231,853,0,3,1,5,59.07,88.3,295.35,1,0,0.0513,1,22.19,1,3.74,0.2868,9,5.2,13,0.077,0.2014,0,0,1,0,0,1,0,0,0
CUST-000232,1565,0,2,0,6,81.7,151.78,490.2,3,0,0.143,3,4.61,0,4.46,0.2447,10,7.3,13,0.112,0.2267,1,1,0,0,0,1,0,0,0
CUST-000233,50,0,1,2,4,50.1225,99.6,200.49,0,0,0.0095,1,7.6,0,4.18,0.1246,11,7.9,20,0.215,0.2695,1,1,1,1,0,1,0,0,0
CUST-000234,1387,0,1,0,4,46.3625,53.61,185.45,2,0,0.0908,1,7.93,0,4.69,0.1065,16,12.3,20,0.111,0.2174,0,0,1,0,0,1,0,0,0
CUST-000235,906,0,0,2,4,27.2525,51.14,109.01,1,0,0.0477,1,21.97,0,3.64,0.1898,16,5.6,22,0.164,0.1832,0,0,0,0,1,1,0,0,0
CUST-000236,1317,0,2,0,3,26.8033,49.13,80.41,5,0,0.219,2,13.82,0,4.34,0.208,18,5.8,21,0.093,0.1356,0,0,0,0,0,1,0,0,0
CUST-000237,1215,0,0,4,3,27.86,39.8,83.58,3,0,0.1324,0,0.0,0,4.61,0.0146,19,27.7,27,0.427,0.4669,1,1,1,1,0,1,0,0,0
CUST-000238,797,0,0,1,4,24.2025,45.03,96.81,4,0,0.1757,0,0.0,0,4.99,0.0004,13,0.7,15,0.1,0.138,0,0,0,0,1,1,0,0,0
CUST-000239,573,0,0,3,1,59.82,59.82,59.82,0,0,0.0057,0,0.0,0,4.4,0.0225,13,1.0,19,0.0,0.0956,0,0,0,0,0,1,0,0,0
CUST-000240,1150,0,2,1,1,30.83,30.83,30.83,1,0,0.0458,2,8.72,0,4.21,0.1969,13,3.9,17,0.247,0.2319,0,0,1,0,0,1,0,0,0
CUST-000241,268,1,1,0,7,148.2757,526.28,1037.93,4,1,0.5716,0,0.0,0,4.17,0.0311,12,1.0,19,0.002,0.1052,0,0,0,0,0,1,0,0,0
CUST-000242,1072,1,2,3,2,65.19,85.66,130.38,2,0,0.0939,2,14.6,0,4.39,0.2086,7,1.3,14,0.183,0.2327,0,0,0,0,0,1,0,0,0
CUST-000243,186,1,2,2,5,77.238,97.26,386.19,3,0,0.1378,0,0.0,0,4.45,0.0206,14,6.1,14,0.225,0.2324,0,0,0,0,0,1,0,0,0
CUST-000244,1191,0,0,3,4,43.415,92.51,173.66,4,0,0.2803,1,32.26,0,3.49,0.2277,10,10.0,13,0.181,0.2811,1,1,1,1,1,1,1,0,0
CUST-000245,1153,1,2,1,2,288.39,348.69,576.78,1,1,0.4261,3,13.96,2,3.08,0.5257,14,5.9,18,0.194,0.2167,1,1,1,1,1,1,0,0,0
CUST-000246,167,0,0,2,1,15.07,15.07,15.07,1,0,0.0443,0,0.0,0,4.79,0.0079,5,10.5,12,0.268,0.3681,1,1,0,0,0,1,0,0,0
CUST-000247,1386,0,1,3,4,37.8,59.43,151.2,1,0,0.0485,2,12.86,0,3.89,0.2219,17,13.6,18,0.191,0.2559,0,0,0,0,0,1,0,1,0
CUST-000248,767,1,0,2,6,137.62,244.03,825.72,3,1,0.6018,1,35.33,0,3.36,0.2422,13,9.3,18,0.186,0.2512,0,0,1,0,0,1,1,0,0
CUST-000249,1439,0,3,1,2,21.925,36.38,43.85,0,0,0.0035,3,4.29,1,4.36,0.3474,20,10.4,24,0.26,0.2332,0,0,1,0,0,1,0,0,0
CUST-000250,90,0,0,2,5,48.372,76.1,241.86,2,0,0.093,2,18.26,0,4.09,0.2313,9,6.5,14,0.22,0.2771,1,1,0,0,0,1,0,1,0
CUST-000251,339,1,0,2,3,27.01,40.53,81.03,2,0,0.0896,1,2.1,0,4.88,0.0811,20,5.6,21,0.147,0.1408,0,0,1,0,1,1,0,0,0
CUST-000252,909,1,1,4,8,120.2875,250.31,962.3,7,1,0.6739,1,30.76,0,3.71,0.2147,14,0.9,18,0.1,0.1311,0,0,1,0,0,1,0,0,1
CUST-000253,355,2,0,1,3,179.0967,225.01,537.29,0,1,0.3715,0,0.0,0,4.6,0.015,15,14.1,20,0.272,0.3141,1,1,0,0,0,1,0,0,0
CUST-000254,612,0,0,1,2,74.315,122.28,148.63,0,0,0.0117,0,0.0,0,4.65,0.0131,10,9.0,14,0.0,0.191,0,0,0,0,0,0,0,0,0
CUST-000255,1210,0,1,3,2,38.345,63.86,76.69,1,0,0.0489,1,33.91,0,4.24,0.2047,10,9.9,16,0.28,0.3248,1,1,1,1,0,1,0,0,0
CUST-000256,276,1,0,1,4,66.1075,88.49,264.43,1,0,0.0513,1,12.22,0,4.75,0.1177,10,2.2,14,0.0,0.1321,1,1,0,0,0,1,0,0,0
CUST-000257,1241,0,2,2,5,38.634,56.99,193.17,4,0,0.2769,2,12.58,1,4.24,0.3079,12,4.1,14,0.093,0.173,1,1,0,0,0,1,1,0,0
CUST-000258,202,1,0,1,3,195.5833,273.12,586.75,0,1,0.3761,1,9.01,1,3.7,0.247,12,6.3,14,0.119,0.2038,0,0,1,0,0,1,0,0,0
CUST-000259,332,0,1,0,3,31.88,41.8,95.64,2,0,0.0897,1,9.33,0,4.02,0.136,11,3.1,19,0.055,0.156,0,0,0,0,0,1,0,0,0
CUST-000260,1078,0,1,3,2,127.88,165.14,255.76,3,0,0.1443,0,0.0,0,4.87,0.0049,14,9.2,18,0.064,0.1868,1,1,0,0,0,1,0,0,0
CUST-000261,1451,0,1,0,4,45.6125,115.01,182.45,2,0,0.0967,0,0.0,0,5.0,0.0,11,8.7,14,0.0,0.1797,0,0,0,0,0,1,0,0,0
CUST-000262,323,1,1,0,5,134.792,298.22,673.96,4,1,0.6499,4,3.53,3,3.57,0.6447,9,8.3,19,0.109,0.2427,0,0,1,0,0,1,1,0,0
CUST-000263,557,0,1,2,2,92.765,153.8,185.53,0,0,0.0147,0,0.0,0,4.6,0.015,16,13.9,17,0.298,0.3154,0,0,1,0,0,1,0,0,0
CUST-000264,1689,0,3,3,6,42.5517,74.83,255.31,3,0,0.1357,0,0.0,0,4.85,0.0056,16,9.3,26,0.039,0.159,0,0,0,0,1,1,0,1,0
CUST-000265,1806,0,0,3,2,58.545,89.83,117.09,0,0,0.0086,2,13.46,0,4.52,0.2002,8,18.4,11,0.337,0.4415,0,0,0,0,0,1,0,0,0
CUST-000266,1066,0,0,0,5,42.486,81.73,212.43,3,0,0.1364,0,0.0,0,4.65,0.0131,9,9.5,16,0.242,0.3129,1,1,1,1,0,1,0,0,0
CUST-000267,824,0,1,0,4,46.39,114.51,185.56,6,0,0.3681,2,9.01,0,4.44,0.1892,11,4.8,15,0.0,0.1459,1,1,1,1,0,1,1,0,0
CUST-000268,642,1,2,4,4,114.815,275.3,459.26,2,1,0.562,2,10.45,0,4.37,0.1964,13,7.8,15,0.086,0.1932,0,0,1,0,0,1,1,0,0
CUST-000269,1123,0,0,0,4,47.575,70.7,190.3,5,0,0.321,2,16.11,1,3.47,0.3478,6,0.5,11,0.215,0.2489,1,1,0,0,0,1,1,0,0
CUST-000270,1084,1,0,0,2,48.76,64.08,97.52,0,0,0.0061,1,33.26,0,3.53,0.2293,16,10.0,20,0.189,0.2326,1,1,0,0,0,1,0,0,0
CUST-000271,548,1,2,0,6,81.9567,185.33,491.74,1,0,0.1605,0,0.0,0,4.35,0.0244,12,4.2,16,0.0,0.132,0,0,0,0,0,1,1,0,0
CUST-000272,56,0,1,1,2,51.69,87.06,103.38,0,0,0.0083,0,0.0,0,4.04,0.036,9,8.6,20,0.204,0.288,1,1,1,1,0,1,0,0,0
CUST-000273,289,0,3,3,6,58.0667,138.21,348.4,2,0,0.0989,0,0.0,0,4.65,0.0131,11,4.7,16,0.11,0.1946,0,0,1,0,0,1,0,0,0
CUST-000274,1749,0,1,3,4,60.78,135.9,243.12,1,0,0.0558,0,0.0,0,4.59,0.0154,13,3.1,23,0.0,0.1138,1,1,0,0,0,1,0,0,0
CUST-000275,771,0,1,2,5,38.544,70.28,192.72,2,0,0.0924,3,4.89,2,3.84,0.4688,16,22.2,20,0.387,0.4273,0,0,1,0,0,0,0,0,0
CUST-000276,887,0,0,0,4,36.225,88.49,144.9,1,0,0.0513,2,4.11,1,4.49,0.272,10,4.6,17,0.02,0.1619,0,0,1,0,0,1,0,0,0
CUST-000277,860,2,3,1,1,622.97,622.97,622.97,1,1,0.4523,0,0.0,0,5.0,0.0,8,4.0,14,0.176,0.2443,1,1,1,1,0,1,0,0,0
CUST-000278,1431,2,0,1,4,224.0575,362.12,896.23,3,1,0.5131,0,0.0,0,5.0,0.0,10,12.6,18,0.268,0.3428,1,1,1,1,1,1,0,0,0
CUST-000279,132,1,1,0,6,101.2233,176.07,607.34,3,0,0.1454,1,38.83,0,3.36,0.2531,12,6.1,15,0.088,0.1881,0,0,0,0,1,1,0,1,0
CUST-000280,164,0,0,0,2,48.445,67.18,96.89,1,0,0.0493,1,18.2,1,3.19,0.2949,9,4.4,12,0.196,0.2481,1,1,1,1,0,1,0,0,0
CUST-000281,514,1,1,0,4,115.3525,189.1,461.41,1,0,0.0609,2,7.42,2,3.84,0.4067,12,12.9,18,0.278,0.3325,1,1,0,0,0,1,0,1,0
CUST-000282,895,1,1,0,6,60.4983,155.05,362.99,4,0,0.1862,2,6.05,1,4.48,0.2785,10,7.6,15,0.199,0.2684,0,0,0,0,0,1,0,0,0
CUST-000283,1229,0,1,1,9,67.2222,286.92,605.0,6,1,0.6345,2,13.14,1,4.37,0.3048,10,14.0,14,0.266,0.354,0,0,0,0,0,1,0,0,1
CUST-000284,903,1,2,2,2,62.325,63.64,124.65,0,0,0.0061,4,1.97,2,3.82,0.5304,7,18.9,12,0.552,0.5513,0,0,1,0,0,1,0,0,0
CUST-000285,813,0,0,0,6,24.5517,36.62,147.31,0,0,0.0035,0,0.0,0,3.9,0.0412,13,6.0,20,0.131,0.1979,1,1,0,0,0,1,0,0,0
CUST-000286,1712,0,1,1,2,22.02,30.15,44.04,0,0,0.0029,0,0.0,0,4.73,0.0101,8,12.2,17,0.169,0.3122,0,0,1,0,0,1,0,0,0
CUST-000287,306,0,0,3,3,25.2267,38.28,75.68,1,0,0.0465,5,7.26,0,4.61,0.3874,13,19.4,16,0.26,0.372,0,0,1,0,0,1,0,0,0
CUST-000288,1049,0,0,3,4,87.58,173.53,350.32,3,0,0.1451,0,0.0,0,5.0,0.0,13,22.8,16,0.363,0.4478,0,0,1,0,0,1,0,0,0
CUST-000289,996,0,0,3,3,62.8367,140.88,188.51,1,0,0.0563,2,19.06,1,4.17,0.3308,4,5.1,16,0.378,0.3795,0,0,1,0,0,1,0,0,0
CUST-000290,872,1,0,1,2,237.54,320.22,475.08,1,1,0.4234,2,29.73,2,3.28,0.4976,13,15.4,15,0.285,0.3486,1,1,1,1,0,1,0,0,0
CUST-000291,1476,2,0,3,3,190.5933,360.26,571.78,3,1,0.6129,3,25.96,1,3.3,0.4551,14,1.1,19,0.0,0.0878,0,0,1,0,1,1,1,0,0
CUST-000292,498,0,1,0,4,112.18,251.71,448.72,1,1,0.4169,1,23.25,0,3.66,0.1931,4,9.4,8,0.618,0.5248,0,0,1,0,0,1,0,0,0
CUST-000293,1741,1,1,1,6,121.9767,190.7,731.86,0,0,0.0182,4,8.73,0,4.57,0.3235,10,2.5,12,0.033,0.1496,0,0,1,0,1,1,0,0,0
CUST-000294,615,2,1,0,2,320.25,337.15,640.5,0,1,0.3822,1,6.2,1,3.72,0.2374,14,6.0,17,0.099,0.1748,0,0,1,0,0,1,0,0,0
CUST-000295,1001,0,0,1,3,30.0533,50.93,90.16,0,0,0.0049,0,0.0,0,5.0,0.0,13,29.3,14,0.434,0.5361,0,0,0,0,0,1,0,1,0
CUST-000296,957,0,0,1,4,40.0425,52.12,160.17,1,0,0.0478,4,17.16,2,2.67,0.6211,8,14.2,16,0.256,0.3687,0,0,1,0,0,0,0,1,0
CUST-000297,1553,0,0,0,5,30.366,39.3,151.83,1,0,0.0466,0,0.0,0,4.8,0.0075,10,2.5,12,0.032,0.1491,1,1,1,1,1,1,0,0,0
CUST-000298,809,0,2,3,5,39.548,63.04,197.74,4,0,0.1774,0,0.0,0,4.71,0.0109,15,3.3,19,0.058,0.1243,0,0,1,0,0,1,0,0,0
CUST-000299,530,1,2,0,1,25.16,25.16,25.16,1,0,0.0453,1,5.77,1,3.93,0.2282,10,16.4,19,0.266,0.3748,0,0,0,0,0,1,0,0,0
CUST-000300,54,0,0,0,2,31.255,38.92,62.51,0,0,0.0037,0,0.0,0,4.28,0.027,10,16.0,15,0.399,0.4312,1,1,0,0,0,0,0,1,0
CUST-000301,673,0,1,0,4,78.485,165.27,313.94,2,0,0.2015,1,15.51,1,3.04,0.2921,18,16.6,27,0.266,0.307,1,1,1,1,0,1,1,1,0
CUST-000302,1510,0,0,1,5,37.48,60.89,187.4,1,0,0.0487,1,22.93,0,3.84,0.1853,13,9.4,19,0.15,0.2359,1,1,1,1,0,1,0,0,0
CUST-000303,32,0,0,0,7,31.21,69.12,218.47,2,0,0.1923,1,36.48,1,3.06,0.357,14,14.2,22,0.301,0.3367,1,1,0,0,0,1,1,0,0
CUST-000304,1637,2,0,1,1,79.2,79.2,79.2,3,0,0.1361,1,11.05,0,4.71,0.1155,11,6.2,16,0.09,0.1986,0,0,1,0,0,1,0,0,0
CUST-000305,997,0,0,0,5,31.36,54.79,156.8,1,0,0.0481,0,0.0,0,4.33,0.0251,11,6.0,16,0.143,0.2207,0,0,1,0,1,1,0,0,0
CUST-000306,268,0,1,3,2,19.64,19.99,39.28,1,0,0.0448,2,40.81,0,3.74,0.3151,11,9.0,14,0.048,0.2039,0,0,0,0,0,1,0,0,0
CUST-000307,561,0,2,4,2,12.745,14.91,25.49,0,0,0.0014,2,43.22,0,3.07,0.3478,5,4.3,13,0.22,0.2928,0,0,1,0,0,1,0,0,0
CUST-000308,1017,0,0,1,3,24.1833,38.98,72.55,1,0,0.1466,0,0.0,0,4.77,0.0086,8,3.8,12,0.172,0.2408,1,1,0,0,0,1,1,0,0
CUST-000309,586,0,1,2,7,44.41,98.15,310.87,3,0,0.1379,2,52.06,0,2.52,0.3961,14,11.7,20,0.176,0.2588,1,1,1,1,1,1,0,0,0
CUST-000310,211,0,1,3,2,30.085,35.07,60.17,3,0,0.1319,2,14.84,0,4.96,0.188,19,12.4,27,0.141,0.2057,1,1,0,0,0,1,0,0,0
CUST-000311,1220,0,3,4,1,19.72,19.72,19.72,0,0,0.1019,0,0.0,0,4.55,0.0169,13,3.8,16,0.074,0.1532,1,1,0,0,0,1,1,0,0
CUST-000312,1231,0,1,2,3,34.6333,47.74,103.9,1,0,0.0474,0,0.0,0,3.62,0.0518,7,5.1,12,0.252,0.2967,1,1,1,1,0,1,0,0,0
CUST-000313,230,1,0,3,5,46.528,89.27,232.64,0,0,0.0085,0,0.0,0,4.35,0.0244,9,10.6,13,0.169,0.2896,0,0,0,0,0,1,0,0,0
CUST-000314,524,1,1,4,2,88.7,102.69,177.4,0,0,0.0098,3,6.92,1,3.67,0.3816,9,10.0,14,0.175,0.2871,1,1,1,1,0,1,0,1,0
CUST-000315,456,1,0,3,8,124.3712,263.33,994.97,5,1,0.5894,2,11.17,0,4.09,0.2091,5,9.4,10,0.424,0.4288,0,0,1,0,1,1,0,0,1
CUST-000316,1208,1,3,1,5,130.284,239.19,651.42,2,1,0.4585,1,26.62,1,3.36,0.3149,12,4.0,15,0.0,0.1303,0,0,0,0,1,1,0,0,0
CUST-000317,1336,1,0,0,5,146.118,337.4,730.59,3,1,0.5108,0,0.0,0,4.37,0.0236,16,31.8,17,0.481,0.5528,1,1,1,1,1,1,0,0,0
CUST-000318,1330,0,1,0,6,38.4217,75.84,230.53,5,0,0.2215,0,0.0,0,4.31,0.0259,15,5.6,23,0.136,0.1793,1,1,0,0,0,1,0,0,0
CUST-000319,1714,0,0,1,2,25.82,36.62,51.64,2,0,0.0892,1,3.7,0,4.1,0.1153,12,10.9,17,0.179,0.2706,1,1,1,1,0,1,0,0,0
CUST-000320,1406,0,0,1,11,48.6855,110.82,535.54,5,0,0.2249,0,0.0,0,4.89,0.0041,18,3.1,24,0.013,0.0762,0,0,1,0,0,1,0,0,0
CUST-000321,595,0,2,1,6,61.0683,92.0,366.41,0,0,0.0088,1,3.45,1,4.48,0.2003,11,7.6,13,0.055,0.1949,1,1,1,1,0,1,0,0,0
CUST-000322,210,1,1,2,4,102.22,204.59,408.88,0,1,0.3695,3,7.99,0,4.31,0.2609,16,3.8,17,0.0,0.0938,0,0,0,0,1,1,0,0,0
CUST-000323,1127,0,0,1,6,59.3583,124.93,356.15,5,0,0.2262,2,14.76,1,3.77,0.3324,15,5.4,16,0.08,0.1523,1,1,1,1,0,1,0,0,0
CUST-000324,1672,1,3,3,3,93.27,204.11,279.81,2,1,0.4552,2,3.05,1,3.68,0.2991,17,9.5,23,0.321,0.2789,0,0,1,0,0,1,0,0,0
CUST-000325,1780,1,2,0,5,75.996,111.86,379.98,2,0,0.0964,0,0.0,0,4.62,0.0142,5,18.2,9,0.599,0.5837,0,0,1,0,0,1,0,0,0
CUST-000326,431,0,0,0,6,50.8933,123.2,305.36,5,0,0.226,2,25.09,0,4.05,0.2542,15,5.0,24,0.0,0.1129,0,0,1,0,0,1,0,0,0
CUST-000327,442,2,1,3,4,289.55,847.4,1158.2,0,1,0.4308,0,0.0,0,4.52,0.018,15,9.2,19,0.21,0.2438,1,1,0,0,0,1,0,0,0
CUST-000328,82,0,1,3,5,49.746,87.46,248.73,1,0,0.0512,0,0.0,0,4.74,0.0097,8,10.8,13,0.219,0.3225,1,1,0,0,0,1,0,0,0
CUST-000329,270,1,1,4,8,72.44,204.96,579.52,6,1,0.6267,2,16.1,0,4.31,0.2163,11,12.7,16,0.212,0.3098,0,0,1,0,0,0,0,0,1
CUST-000330,1019,0,0,3,2,38.565,46.79,77.13,1,0,0.0473,2,2.18,0,4.18,0.1776,11,1.4,18,0.0,0.1165,0,0,0,0,0,1,0,0,0
CUST-000331,1004,0,0,3,3,49.16,94.77,147.48,2,0,0.0948,1,19.73,0,4.52,0.1498,15,14.0,20,0.395,0.3686,0,0,1,0,0,1,0,0,0
CUST-000332,686,0,2,0,7,72.5,215.83,507.5,6,1,0.6277,1,7.08,0,4.35,0.1166,15,10.9,21,0.09,0.2045,1,1,0,0,0,1,0,0,0
CUST-000333,576,0,2,1,3,36.34,50.4,109.02,1,0,0.0477,1,10.58,0,4.92,0.1061,17,9.4,24,0.182,0.2155,1,1,0,0,0,1,0,0,0
CUST-000334,1516,0,2,0,4,66.2525,130.17,265.01,2,0,0.0981,3,13.46,1,3.96,0.3912,16,30.5,20,0.453,0.529,1,1,0,0,0,1,0,0,0
CUST-000335,847,2,3,2,5,194.14,344.45,970.7,0,1,0.3829,1,4.46,0,5.0,0.084,12,4.6,19,0.135,0.1963,0,0,0,0,0,0,0,1,0
CUST-000336,1477,1,1,4,1,192.31,192.31,192.31,0,0,0.0183,3,6.6,0,4.85,0.2363,12,10.0,14,0.19,0.2678,0,0,1,0,0,1,0,0,0
CUST-000337,1758,0,2,1,2,59.425,93.45,118.85,0,0,0.0089,0,0.0,0,4.68,0.012,14,26.5,20,0.542,0.5517,1,1,1,1,0,1,0,1,0
CUST-000338,589,0,2,1,3,22.8,32.5,68.4,0,0,0.0031,1,9.98,0,4.1,0.135,13,16.9,18,0.34,0.3864,1,1,0,0,0,0,0,0,0
CUST-000339,381,0,1,0,4,30.2375,40.63,120.95,0,0,0.0039,0,0.0,0,4.35,0.0244,14,6.0,21,0.044,0.15,0,0,0,0,0,1,0,0,0
CUST-000340,1739,0,1,0,4,64.345,122.73,257.38,0,0,0.0117,1,14.22,0,4.43,0.1359,14,9.3,20,0.388,0.3334,0,0,0,0,0,0,0,0,0
CUST-000341,1164,2,0,0,6,252.3017,762.58,1513.81,2,1,0.5085,0,0.0,0,4.65,0.0131,8,9.5,9,0.303,0.3491,0,0,1,0,0,1,0,0,0
CUST-000342,541,0,1,0,4,46.855,77.15,187.42,5,0,0.3216,0,0.0,0,4.39,0.0229,16,6.7,25,0.067,0.1491,0,0,0,0,0,1,1,0,0
CUST-000343,1140,0,0,4,4,36.4575,51.7,145.83,1,0,0.1478,1,4.7,0,4.77,0.0933,13,2.6,19,0.06,0.1365,0,0,1,0,0,1,1,0,0
CUST-000344,947,0,0,1,5,49.32,97.46,246.6,1,0,0.0522,0,0.0,0,4.61,0.0146,14,6.1,25,0.151,0.1991,1,1,1,1,0,1,0,0,0
CUST-000345,1654,0,1,3,6,46.8883,70.97,281.33,1,0,0.0496,2,41.24,1,3.41,0.4288,14,11.4,17,0.237,0.2837,0,0,0,0,0,1,0,0,0
CUST-000346,478,0,0,2,2,60.745,106.52,121.49,1,0,0.053,1,4.67,0,4.14,0.1169,19,6.0,21,0.139,0.1493,0,0,0,0,1,1,0,1,0
CUST-000347,1809,1,0,0,6,67.165,127.4,402.99,2,0,0.1979,3,9.48,1,4.26,0.3674,15,7.6,20,0.204,0.2272,1,1,0,0,0,1,1,0,0
CUST-000348,1709,1,2,0,3,153.0933,229.15,459.28,1,1,0.4147,1,11.44,0,4.49,0.125,15,18.4,18,0.376,0.3982,0,0,0,0,0,1,0,0,0
CUST-000349,342,2,2,3,6,227.6967,667.1,1366.18,3,1,0.5422,2,9.78,0,4.77,0.1793,11,7.6,17,0.06,0.1972,0,0,0,0,0,1,0,0,1
CUST-000350,312,1,0,0,7,109.0871,265.8,763.61,6,1,0.6325,2,19.8,1,4.0,0.3395,16,8.0,18,0.302,0.2661,1,1,1,1,0,1,0,0,1
CUST-000351,980,0,0,4,5,41.706,92.44,208.53,4,0,0.1802,2,10.64,0,4.3,0.1996,13,8.7,19,0.303,0.2987,0,0,0,0,0,1,0,0,0
CUST-000352,96,1,0,0,6,129.1617,245.59,774.97,1,1,0.5163,3,8.09,2,3.44,0.4938,13,5.6,21,0.157,0.2061,1,1,0,0,0,1,1,0,0
CUST-000353,555,2,2,2,4,222.07,361.52,888.28,3,1,0.5131,3,20.45,1,4.26,0.4018,12,14.3,19,0.241,0.328,0,0,1,0,0,1,0,0,0
CUST-000354,802,1,2,3,3,83.0733,125.9,249.22,2,0,0.0977,2,1.55,1,4.01,0.282,8,3.1,15,0.156,0.2275,0,0,1,0,0,1,0,0,0
CUST-000355,1769,2,0,0,3,223.51,523.48,670.53,1,1,0.4428,1,14.86,0,4.49,0.1357,13,5.5,17,0.066,0.1643,0,0,1,0,0,1,0,0,0
CUST-000356,1811,1,2,0,2,61.88,95.22,123.76,1,0,0.0519,2,18.18,2,3.11,0.4678,5,9.3,10,0.39,0.4126,1,1,1,1,0,0,0,0,0
CUST-000357,289,1,0,4,4,92.26,210.56,369.04,2,1,0.4558,1,31.5,0,3.16,0.2377,12,6.2,22,0.0,0.1494,0,0,0,0,0,1,0,0,0
CUST-000358,1628,0,0,0,10,50.701,161.69,507.01,4,0,0.1869,2,13.27,0,3.84,0.2251,11,21.5,16,0.48,0.5066,1,1,1,1,0,1,0,0,0
CUST-000359,179,1,3,1,2,72.335,92.98,144.67,1,0,0.0517,2,2.37,1,4.23,0.2763,18,8.1,25,0.228,0.2163,0,0,1,0,0,1,0,0,0
CUST-000360,1369,0,0,1,4,138.4075,264.65,553.63,0,1,0.4752,0,0.0,0,4.85,0.0056,8,7.9,18,0.098,0.243,1,1,1,1,1,1,1,0,0
CUST-000361,1545,0,0,0,5,48.222,88.04,241.11,4,0,0.2798,2,2.16,1,4.24,0.2753,11,3.8,15,0.135,0.198,0,0,0,0,0,1,1,0,0
CUST-000362,1627,1,0,3,4,97.84,132.61,391.36,1,0,0.0555,2,16.79,0,4.58,0.2083,18,6.3,22,0.105,0.1453,0,0,0,0,0,1,0,0,0
CUST-000363,419,2,1,3,3,166.0567,190.69,498.17,1,0,0.061,1,27.86,0,4.04,0.1933,7,13.9,10,0.365,0.4238,1,1,1,1,1,1,0,0,0
CUST-000364,1632,2,3,1,4,137.24,221.74,548.96,5,1,0.5854,1,11.92,0,4.03,0.1437,16,4.7,20,0.118,0.1547,0,0,0,0,0,1,0,0,0
CUST-000365,224,0,3,3,2,82.845,136.73,165.69,0,0,0.013,1,10.65,1,4.09,0.2375,19,1.8,22,0.0,0.0504,0,0,1,0,0,1,0,0,0
CUST-000366,954,1,0,0,2,34.18,44.75,68.36,1,0,0.0471,0,0.0,0,4.66,0.0127,15,7.1,18,0.118,0.1842,1,1,0,0,1,1,0,0,0
CUST-000367,864,1,0,0,6,146.4033,564.77,878.42,5,1,0.7182,2,16.34,0,3.99,0.2291,10,8.3,16,0.145,0.2502,1,1,1,1,1,1,1,0,1
CUST-000368,586,0,2,2,5,97.622,361.34,488.11,3,1,0.513,1,20.74,0,4.25,0.1631,14,5.8,19,0.103,0.1749,1,1,0,0,1,1,0,0,0
CUST-000369,55,0,0,4,2,17.68,26.59,35.36,1,0,0.0454,1,51.32,0,3.34,0.293,9,18.6,12,0.25,0.3954,0,0,1,0,0,1,0,0,0
CUST-000370,1412,0,2,0,3,47.9467,79.22,143.84,3,0,0.1361,1,8.54,1,3.72,0.2448,7,29.2,13,0.673,0.695,0,0,1,0,0,1,0,0,0
CUST-000371,622,1,1,0,4,116.555,159.22,466.22,1,0,0.058,3,17.61,1,3.65,0.4158,8,9.3,12,0.34,0.364,0,0,1,0,0,1,0,0,0
CUST-000372,1212,0,0,1,2,50.78,54.39,101.56,0,0,0.0052,0,0.0,0,5.0,0.0,16,6.3,22,0.137,0.1771,0,0,0,0,0,1,0,0,0
CUST-000373,757,2,2,3,4,235.935,313.09,943.74,2,1,0.4656,0,0.0,0,5.0,0.0,12,11.4,14,0.172,0.2718,0,0,1,0,0,1,0,0,0
CUST-000374,691,0,0,0,6,74.7683,192.87,448.61,1,0,0.1613,1,18.85,0,4.19,0.1594,10,18.6,11,0.526,0.5109,0,0,0,0,0,1,1,0,0
CUST-000375,1619,2,0,1,10,198.567,580.67,1985.67,3,1,0.534,1,10.3,1,3.91,0.2431,11,5.0,22,0.01,0.1522,0,0,0,0,0,1,0,0,1
CUST-000376,185,0,1,3,5,26.296,36.58,131.48,2,0,0.1892,2,20.55,0,3.58,0.2576,13,13.4,19,0.285,0.3313,1,1,0,0,0,1,1,0,0
CUST-000377,1348,1,1,1,5,170.004,261.54,850.02,0,1,0.3749,4,20.86,2,3.78,0.5911,6,7.1,10,0.338,0.3614,0,0,0,0,0,1,0,1,0
CUST-000378,1366,0,1,0,2,33.185,37.32,66.37,0,0,0.0036,1,23.37,1,3.93,0.2833,9,16.3,11,0.482,0.4799,0,0,1,0,0,1,0,0,0
CUST-000379,702,0,1,0,5,126.396,211.37,631.98,1,1,0.413,2,4.97,0,4.74,0.1653,14,3.8,17,0.095,0.1539,0,0,0,0,0,1,0,0,0
CUST-000380,490,1,3,1,9,100.53,147.56,904.77,3,0,0.2426,0,0.0,0,3.8,0.045,20,20.1,24,0.384,0.373,0,0,1,0,1,1,1,1,0
CUST-000381,24,2,3,1,7,210.1543,542.68,1471.08,2,1,0.4875,1,33.37,1,3.33,0.3372,13,9.5,17,0.199,0.2588,1,1,1,1,0,1,0,0,1
CUST-000382,1710,1,1,3,2,176.795,228.88,353.59,2,1,0.4575,2,12.21,2,3.35,0.4401,9,11.4,13,0.155,0.2903,0,0,1,0,0,1,0,1,0
CUST-000383,1730,0,0,2,2,16.95,21.28,33.9,4,0,0.1735,0,0.0,0,4.84,0.006,9,3.3,13,0.036,0.1665,0,0,0,0,0,1,0,1,0
CUST-000384,451,0,1,2,3,84.6033,179.07,253.81,0,0,0.0171,1,11.56,0,4.15,0.1381,11,3.3,13,0.032,0.1473,1,1,1,1,0,1,0,0,0
CUST-000385,72,0,3,4,4,37.8875,54.39,151.55,1,0,0.148,3,36.26,0,3.61,0.3757,11,10.2,16,0.246,0.3034,0,0,1,0,0,1,1,0,0
CUST-000386,237,0,0,1,3,56.3067,87.57,168.92,2,0,0.1941,1,13.8,1,4.02,0.25,13,11.6,17,0.212,0.2829,0,0,0,0,1,1,1,0,0
CUST-000387,137,1,1,1,4,133.98,345.99,535.92,1,1,0.4259,1,5.99,0,4.18,0.1195,8,6.7,11,0.195,0.2762,1,1,0,0,0,1,0,0,0
CUST-000388,1519,1,0,4,4,181.4175,445.75,725.67,3,1,0.5211,2,46.84,1,2.78,0.47,16,12.4,21,0.317,0.3109,1,1,0,0,0,1,0,0,1
CUST-000389,1629,1,0,0,2,165.86,256.67,331.72,4,1,0.5459,1,22.72,0,4.1,0.1749,11,3.3,18,0.0,0.1329,1,1,0,0,0,1,0,0,0
CUST-000390,292,1,1,2,4,140.9625,321.71,563.85,3,1,0.5093,0,0.0,0,5.0,0.0,16,2.5,22,0.0,0.0825,1,1,0,0,0,1,0,0,0
CUST-000391,1366,1,0,3,4,76.5325,136.65,306.13,1,0,0.0559,2,38.31,1,3.48,0.417,13,8.8,17,0.0,0.1632,1,1,0,0,0,0,0,0,0
CUST-000392,339,1,2,0,3,318.5333,524.92,955.6,2,1,0.5858,1,20.71,1,4.01,0.272,16,3.2,18,0.15,0.1561,0,0,1,0,0,1,1,0,0
CUST-000393,679,0,2,1,3,65.6167,107.86,196.85,1,0,0.0531,2,9.9,2,3.47,0.4284,9,1.9,15,0.073,0.171,0,0,1,0,0,1,0,1,0
CUST-000394,1099,0,2,0,6,22.5933,35.56,135.56,2,0,0.1891,3,38.63,1,3.71,0.4794,9,4.1,18,0.195,0.245,0,0,0,0,1,1,1,1,0
CUST-000395,1318,1,0,0,6,106.5183,245.3,639.11,4,1,0.5448,1,23.3,1,2.96,0.3195,13,11.3,19,0.18,0.2659,1,1,1,1,0,0,0,0,0
CUST-000396,1597,1,0,1,4,143.51,256.62,574.04,3,1,0.603,0,0.0,0,5.0,0.0,8,9.4,11,0.338,0.364,1,1,0,0,0,1,1,0,0
CUST-000397,96,0,1,0,2,33.44,50.04,66.88,0,0,0.0048,2,13.13,0,5.0,0.1811,5,18.8,14,0.553,0.5682,0,0,0,0,0,1,0,0,0
CUST-000398,370,0,2,3,5,49.818,83.73,249.09,3,0,0.2366,4,5.78,1,4.17,0.4292,17,9.8,21,0.196,0.2253,1,1,0,0,1,1,1,0,0
CUST-000399,522,1,1,4,3,248.6533,402.72,745.96,0,1,0.3884,1,0.85,0,4.87,0.0775,12,3.4,17,0.078,0.1602,1,1,0,0,1,1,0,0,0
CUST-000400,576,0,2,3,3,58.85,126.34,176.55,1,0,0.0549,1,21.71,0,4.04,0.174,5,11.9,9,0.475,0.4734,0,0,1,0,0,1,0,0,0
CUST-000401,1821,0,0,0,3,49.7867,64.03,149.36,0,0,0.0061,1,4.72,0,4.41,0.1069,6,4.9,12,0.417,0.3779,1,1,0,0,0,1,0,0,0
CUST-000402,1422,1,2,0,4,114.5625,204.64,458.25,1,1,0.4124,2,5.78,0,4.24,0.1866,22,6.6,26,0.0,0.0659,1,1,1,1,0,1,0,0,0
CUST-000403,594,1,0,0,1,222.5,222.5,222.5,0,1,0.3712,0,0.0,0,4.58,0.0157,16,5.0,18,0.078,0.1393,0,0,1,0,0,1,0,0,0
CUST-000404,1774,0,0,0,2,18.335,21.45,36.67,0,0,0.002,0,0.0,0,4.79,0.0079,10,3.0,14,0.066,0.1687,0,0,0,0,1,0,0,0,0
CUST-000405,918,1,1,4,7,114.6229,197.97,802.36,5,0,0.3332,1,6.5,0,4.58,0.1061,8,39.0,12,0.754,0.8076,0,0,1,0,0,0,1,0,0
CUST-000406,921,0,0,1,3,79.68,207.76,239.04,0,1,0.4698,1,21.69,0,4.75,0.1473,16,4.3,21,0.041,0.1166,0,0,1,0,0,1,1,0,0
CUST-000407,799,1,0,0,10,115.965,440.09,1159.65,4,1,0.5634,2,2.55,0,4.57,0.1641,11,1.6,16,0.0,0.1182,1,1,1,1,0,1,0,0,0
CUST-000408,275,0,0,3,6,44.5283,82.7,267.17,2,0,0.0936,3,21.39,1,3.09,0.4486,7,12.8,13,0.486,0.4687,1,1,0,0,0,0,0,0,0
CUST-000409,1706,0,0,1,2,17.745,20.33,35.49,2,0,0.0877,0,0.0,0,5.0,0.0,12,1.2,18,0.015,0.1128,1,1,1,1,0,1,0,0,0
CUST-000410,40,0,2,0,5,60.82,128.79,304.1,3,0,0.1409,2,6.21,0,4.02,0.1962,10,7.2,17,0.315,0.3172,1,1,0,0,0,0,0,0,0
CUST-000411,330,0,0,0,5,63.098,103.93,315.49,2,0,0.0956,0,0.0,0,4.4,0.0225,15,14.1,18,0.277,0.3164,1,1,0,0,1,1,0,0,0
CUST-000412,430,1,1,2,2,85.185,139.79,170.37,3,0,0.1419,0,0.0,0,4.7,0.0112,12,2.7,16,0.022,0.1289,0,0,1,0,1,1,0,0,0
CUST-000413,520,0,2,3,3,21.25,31.09,63.75,2,0,0.0887,1,4.37,0,4.64,0.0972,14,8.1,19,0.179,0.229,1,1,0,0,0,1,0,0,0
CUST-000414,253,0,0,0,3,55.9833,86.05,167.95,1,0,0.0511,2,3.76,1,3.55,0.3062,16,6.4,23,0.115,0.1681,1,1,0,0,0,1,0,1,0
CUST-000415,47,0,0,4,6,69.4667,197.2,416.8,4,0,0.1902,0,0.0,0,4.34,0.0248,12,4.3,20,0.179,0.2135,0,0,0,0,0,1,0,1,0
CUST-000416,1241,1,2,3,4,69.0925,188.22,276.37,2,0,0.1037,0,0.0,0,4.08,0.0345,16,18.8,22,0.22,0.3227,0,0,1,0,0,1,0,0,0
CUST-000417,1769,1,2,3,2,26.945,38.51,53.89,0,0,0.0037,1,2.49,0,4.76,0.0868,23,6.4,26,0.0,0.0554,1,1,0,0,0,1,0,0,0
CUST-000418,235,2,1,0,2,1080.27,1649.35,2160.54,1,1,0.5502,3,20.19,2,3.61,0.5254,12,12.6,17,0.239,0.3124,1,1,0,0,1,1,0,0,1
CUST-000419,551,0,2,0,5,29.84,51.47,149.2,4,0,0.1763,2,15.77,2,2.88,0.4689,13,14.9,23,0.315,0.3578,1,1,1,1,0,1,0,0,0
CUST-000420,931,0,0,3,5,79.386,220.12,396.93,3,1,0.4996,1,8.03,0,4.75,0.1045,9,6.9,15,0.189,0.2666,0,0,0,0,0,1,0,0,0
CUST-000421,1693,0,0,0,3,22.54,25.72,67.62,1,0,0.1453,2,5.44,0,4.79,0.1649,18,3.5,21,0.112,0.1242,1,1,0,0,0,1,1,0,0
CUST-000422,1271,0,1,2,1,17.8,17.8,17.8,1,0,0.0446,0,0.0,0,4.37,0.0236,14,15.1,18,0.294,0.3414,0,0,1,0,0,1,0,0,0
CUST-000423,1401,2,0,3,9,228.0956,448.88,2052.86,1,1,0.5357,2,8.22,0,3.7,0.2145,11,7.2,16,0.001,0.1672,1,1,1,1,0,1,1,0,1
CUST-000424,1066,1,2,0,2,100.165,182.17,200.33,0,0,0.0174,0,0.0,0,4.23,0.0289,7,7.8,19,0.302,0.3426,1,1,1,1,0,1,0,0,0
CUST-000425,769,0,1,3,5,66.854,158.97,334.27,3,0,0.1437,0,0.0,0,4.39,0.0229,19,6.1,22,0.206,0.1803,1,1,0,0,0,1,0,0,0
CUST-000426,376,0,2,4,6,40.6383,84.67,243.83,5,0,0.2224,2,9.48,1,4.45,0.2903,17,14.8,23,0.26,0.2974,1,1,0,0,0,1,0,1,0
CUST-000427,1579,2,1,2,1,106.65,106.65,106.65,0,0,0.0102,1,9.39,0,4.32,0.1249,18,3.1,23,0.0,0.0703,0,0,1,0,0,1,0,0,0
CUST-000428,1470,0,0,1,8,58.3075,160.1,466.46,5,0,0.3296,1,20.85,1,3.28,0.2998,12,7.8,16,0.104,0.21,1,1,0,0,0,1,1,0,0
CUST-000429,60,0,0,3,8,65.6312,109.69,525.05,4,0,0.2819,2,6.18,2,3.6,0.4119,9,3.6,17,0.154,0.2222,1,1,1,1,0,1,1,0,0
CUST-000430,1309,0,0,1,5,80.012,236.17,400.06,5,1,0.5868,1,2.72,0,4.08,0.113,16,6.0,21,0.244,0.2226,0,0,1,0,0,1,0,0,0
CUST-000431,167,0,2,3,7,95.7571,197.99,670.3,6,0,0.276,0,0.0,0,4.78,0.0082,17,16.1,19,0.112,0.2421,0,0,1,0,0,1,0,0,0
CUST-000432,1352,0,0,3,4,40.4375,50.31,161.75,2,0,0.0905,2,9.49,1,3.57,0.3234,17,16.0,21,0.295,0.3235,1,1,0,0,0,1,0,0,0
CUST-000433,1509,0,0,3,4,60.04,112.18,240.16,1,0,0.0536,1,43.7,0,3.22,0.2736,12,6.8,15,0.038,0.1717,0,0,1,0,0,1,0,0,0
CUST-000434,252,0,0,0,4,66.02,168.05,264.08,0,0,0.016,2,8.41,1,4.07,0.3012,15,9.8,20,0.204,0.2463,0,0,0,0,0,1,0,0,0
CUST-000435,800,1,0,0,7,142.5886,378.39,998.12,4,1,0.5575,2,12.59,0,4.9,0.1832,15,9.7,21,0.208,0.2472,1,1,1,1,1,1,0,0,1
CUST-000436,238,0,2,0,4,38.7675,60.88,155.07,3,0,0.1344,1,5.74,1,4.78,0.1962,12,3.6,18,0.041,0.1453,0,0,0,0,0,1,0,0,0
CUST-000437,1041,0,0,1,3,55.1733,67.39,165.52,2,0,0.0921,0,0.0,0,4.24,0.0285,11,11.5,14,0.243,0.3133,0,0,1,0,0,1,0,0,0
CUST-000438,1693,2,3,1,6,185.2333,265.65,1111.4,5,1,0.5896,2,9.58,0,4.15,0.2019,9,3.9,12,0.206,0.2482,1,1,0,0,1,1,0,0,1
CUST-000439,161,1,0,2,4,96.295,198.84,385.18,2,0,0.1047,0,0.0,0,4.78,0.0082,10,5.8,14,0.083,0.2006,0,0,0,0,0,1,0,1,0
CUST-000440,734,0,1,1,4,27.185,50.49,108.74,0,0,0.0048,0,0.0,0,5.0,0.0,12,1.7,18,0.0,0.1104,1,1,0,0,1,1,0,0,0
CUST-000441,1776,0,0,3,2,43.46,49.89,86.92,1,0,0.0476,0,0.0,0,3.84,0.0435,10,12.9,16,0.329,0.3729,0,0,0,0,0,1,0,0,0
CUST-000442,559,1,0,4,6,104.33,182.95,625.98,2,0,0.1032,1,14.95,1,3.81,0.2615,16,14.8,20,0.313,0.3299,1,1,1,1,1,1,0,0,0
CUST-000443,254,0,2,0,9,35.9678,87.12,323.71,4,0,0.1797,3,6.97,1,3.81,0.3765,13,10.1,16,0.213,0.2703,0,0,1,0,0,1,0,0,0
CUST-000444,899,0,3,2,9,43.5467,134.15,391.92,3,0,0.1414,4,14.37,1,3.12,0.4955,11,8.1,15,0.08,0.2105,1,1,1,1,0,0,0,0,0
CUST-000445,935,2,2,2,3,300.8433,583.79,902.53,1,1,0.4485,0,0.0,0,4.13,0.0326,14,5.6,24,0.171,0.2037,1,1,1,1,0,1,0,0,0
CUST-000446,1214,0,0,1,8,51.4075,209.33,411.26,1,1,0.4128,3,3.39,2,3.42,0.4799,22,13.1,26,0.382,0.2941,1,1,0,0,0,0,0,0,0
CUST-000447,582,1,0,0,6,150.6717,284.26,904.03,3,1,0.6057,0,0.0,0,4.62,0.0142,14,21.7,21,0.353,0.4251,1,1,0,0,1,1,1,0,0
CUST-000448,1744,0,1,3,4,38.9075,54.58,155.63,4,0,0.2766,2,4.14,1,4.4,0.2755,14,4.3,14,0.08,0.1515,0,0,0,0,1,1,1,0,0
CUST-000449,958,1,0,4,2,67.425,97.24,134.85,0,0,0.0093,2,4.47,1,4.16,0.2855,10,6.9,14,0.029,0.1859,0,0,1,0,1,1,0,0,0
CUST-000450,533,0,1,2,5,66.342,252.74,331.71,1,1,0.417,0,0.0,0,4.93,0.0026,11,3.4,15,0.0,0.1338,1,1,1,1,0,0,0,0,0
CUST-000451,1753,0,1,4,4,33.4675,58.65,133.87,3,0,0.1342,2,9.8,0,4.36,0.1947,9,8.1,14,0.1,0.2369,1,1,0,0,0,1,0,0,0
CUST-000452,1688,0,1,4,5,17.518,26.95,87.59,1,0,0.0454,0,0.0,0,4.35,0.0244,13,6.0,15,0.11,0.1884,1,1,0,0,1,1,0,0,0
CUST-000453,918,0,2,1,4,27.5575,40.25,110.23,3,0,0.2324,0,0.0,0,4.54,0.0172,13,7.2,22,0.093,0.1912,0,0,0,0,0,1,1,0,0
CUST-000454,59,1,1,2,3,178.97,198.95,536.91,1,0,0.0618,1,15.91,0,4.45,0.1405,19,13.2,22,0.25,0.2616,1,1,1,1,0,1,0,0,0
CUST-000455,1095,0,0,1,5,70.274,201.63,351.37,4,0,0.1907,0,0.0,0,4.96,0.0015,15,15.7,19,0.191,0.2915,0,0,0,0,0,1,0,0,0
CUST-000456,1019,0,0,4,5,53.414,123.63,267.07,2,0,0.0975,1,25.48,0,3.91,0.1907,6,3.0,11,0.236,0.28,1,1,0,0,0,1,0,0,0
CUST-000457,283,1,1,0,11,133.22,544.23,1465.42,3,1,0.5305,4,10.26,3,2.67,0.6995,15,9.6,18,0.084,0.1905,1,1,0,0,0,1,0,1,1
CUST-000458,1162,1,1,1,4,183.1425,515.42,732.57,2,1,0.5849,1,18.97,0,4.24,0.1579,12,18.9,16,0.329,0.4074,0,0,0,0,0,1,1,0,0
CUST-000459,1536,0,0,3,4,27.3675,51.3,109.47,0,0,0.0049,0,0.0,0,4.77,0.0086,10,11.1,16,0.054,0.2335,1,1,1,1,0,0,0,0,0
CUST-000460,206,0,0,0,4,23.27,28.52,93.08,0,0,0.0027,1,14.61,0,4.67,0.1281,10,3.6,13,0.073,0.1771,0,0,1,0,0,1,0,0,0
CUST-000461,1324,2,2,3,5,170.916,353.6,854.58,1,1,0.5266,0,0.0,0,4.36,0.024,10,15.3,14,0.232,0.35,1,1,0,0,0,1,1,0,0
CUST-000462,269,1,2,1,6,105.065,197.41,630.39,3,0,0.2474,1,18.62,1,3.45,0.2864,8,11.6,13,0.308,0.3695,1,1,0,0,0,0,1,0,0
CUST-000463,1370,1,1,4,4,137.89,419.86,551.56,1,1,0.4329,0,0.0,0,4.86,0.0052,9,10.8,18,0.099,0.2599,0,0,0,0,0,1,0,0,0
CUST-000464,773,2,0,3,3,126.0767,177.92,378.23,1,0,0.0598,0,0.0,0,4.46,0.0202,10,6.7,15,0.165,0.2453,0,0,1,0,0,1,0,0,0
CUST-000465,26,1,0,0,5,120.838,202.65,604.19,2,1,0.455,0,0.0,0,4.44,0.021,10,10.4,12,0.15,0.2706,1,1,1,1,0,1,0,0,0
CUST-000466,1763,0,1,3,4,68.0025,88.74,272.01,1,0,0.0513,1,3.51,0,4.95,0.0829,11,37.6,16,0.644,0.7199,1,1,1,1,0,1,0,0,0
CUST-000467,315,0,0,1,5,46.244,83.28,231.22,1,0,0.1508,0,0.0,0,4.12,0.033,12,1.4,17,0.0,0.1078,0,0,1,0,0,1,1,0,0
CUST-000468,1093,0,1,2,7,23.8486,44.45,166.94,2,0,0.19,3,7.74,2,4.23,0.4631,11,5.7,15,0.0,0.1537,0,0,1,0,1,1,1,0,0
CUST-000469,343,1,1,2,2,119.4,123.93,238.8,0,0,0.0118,3,16.11,0,3.98,0.2987,15,6.2,17,0.072,0.1557,0,0,0,0,0,1,0,0,0
CUST-000470,1703,2,0,3,4,284.2,610.02,1136.8,0,1,0.4082,0,0.0,0,4.9,0.0037,12,0.6,16,0.12,0.1549,1,1,0,0,0,1,0,0,0
CUST-000471,1351,0,0,0,7,75.7243,178.52,530.07,2,0,0.1027,0,0.0,0,4.56,0.0165,12,27.0,22,0.492,0.551,0,0,0,0,1,0,0,0,0
CUST-000472,1470,0,0,0,3,15.2,22.98,45.6,1,0,0.045,1,22.82,0,4.12,0.1745,12,3.4,13,0.067,0.1553,1,1,1,1,1,1,0,0,0
CUST-000473,797,0,2,2,1,30.22,30.22,30.22,1,0,0.1457,1,14.02,0,4.16,0.1454,13,3.2,15,0.0,0.1147,1,1,0,0,1,0,1,0,0
CUST-000474,860,2,1,2,4,339.235,552.89,1356.94,3,1,0.6313,1,6.28,0,4.74,0.0994,13,2.1,21,0.0,0.1051,1,1,1,1,0,1,1,0,1
CUST-000475,1163,0,0,1,6,50.7,96.1,304.2,4,0,0.2806,1,7.25,1,3.85,0.2358,15,5.7,23,0.117,0.1716,1,1,1,1,1,1,1,0,0
CUST-000476,1435,0,2,0,4,52.4475,98.42,209.79,2,0,0.0951,2,30.47,0,3.64,0.2864,16,10.8,16,0.236,0.2606,0,0,1,0,1,0,0,0,0
CUST-000477,1548,0,1,1,2,42.33,57.02,84.66,0,0,0.0054,4,4.14,0,5.0,0.293,7,7.7,16,0.295,0.3386,1,1,1,1,0,1,0,1,0
CUST-000478,47,0,1,3,1,17.96,17.96,17.96,2,0,0.0874,4,31.58,1,3.37,0.54,13,3.8,17,0.2,0.2099,1,1,1,1,0,1,0,0,0
CUST-000479,1216,0,3,0,6,49.55,95.87,297.3,1,0,0.052,0,0.0,0,4.36,0.024,19,10.4,24,0.119,0.1784,1,1,1,1,0,1,0,0,0
CUST-000480,212,0,0,1,1,82.7,82.7,82.7,0,0,0.0079,3,10.13,1,3.38,0.4025,6,7.8,10,0.344,0.3702,1,1,1,1,0,1,0,0,0
CUST-000481,536,0,0,4,2,85.035,109.94,170.07,0,0,0.1105,1,15.11,0,4.88,0.1218,15,17.5,17,0.155,0.2909,0,0,0,0,0,1,1,0,0
CUST-000482,1516,0,1,0,4,56.7025,121.35,226.81,3,0,0.1401,1,2.65,0,4.34,0.1031,14,4.8,16,0.096,0.163,1,1,1,1,1,1,0,0,0
CUST-000483,468,0,0,3,7,50.7,150.48,354.9,0,0,0.0144,2,13.98,1,4.52,0.3018,11,4.4,18,0.191,0.2284,0,0,1,0,0,1,0,0,0
CUST-000484,1457,0,1,0,4,59.08,94.99,236.32,5,0,0.2233,2,19.97,1,3.79,0.3479,12,13.6,14,0.144,0.2783,1,1,1,1,1,1,0,0,0
CUST-000485,853,0,0,3,5,61.532,96.78,307.66,1,0,0.0521,3,8.05,1,4.0,0.3727,7,3.3,10,0.272,0.2901,0,0,1,0,1,1,0,0,0
CUST-000486,436,1,0,3,1,209.88,209.88,209.88,0,1,0.37,0,0.0,0,4.66,0.0127,8,2.0,12,0.249,0.2598,0,0,0,0,0,1,0,0,0
CUST-000487,619,0,0,3,4,87.34,163.81,349.36,0,0,0.0156,1,44.35,0,4.27,0.2363,13,7.6,16,0.071,0.1847,1,1,1,1,1,1,0,0,0
CUST-000488,975,0,0,0,6,25.2417,53.5,151.45,1,0,0.048,2,21.53,0,3.29,0.2716,10,11.1,18,0.222,0.3091,1,1,0,0,1,0,0,0,0
CUST-000489,1399,0,0,1,4,44.17,73.62,176.68,1,0,0.0499,2,5.26,1,4.09,0.2906,12,1.9,16,0.158,0.1832,1,1,1,1,0,1,0,0,0
CUST-000490,1111,0,0,3,5,48.136,76.27,240.68,2,0,0.193,0,0.0,0,4.51,0.0184,12,14.6,23,0.262,0.34,0,0,1,0,0,1,1,0,0
CUST-000491,1704,0,2,0,2,42.27,45.22,84.54,1,0,0.0472,1,9.36,0,4.29,0.1259,18,1.7,21,0.092,0.0996,0,0,1,0,1,1,0,0,0
CUST-000492,1585,0,0,0,2,67.82,98.1,135.64,0,0,0.0094,0,0.0,0,4.65,0.0131,17,5.0,19,0.0,0.0955,0,0,0,0,0,1,0,0,0
CUST-000493,1378,1,0,0,8,90.805,170.08,726.44,2,0,0.1019,1,5.24,0,4.38,0.1097,13,7.7,15,0.177,0.2333,1,1,1,1,0,1,0,0,0
CUST-000494,1106,0,0,4,3,31.0967,55.32,93.29,1,0,0.0481,2,18.65,0,4.2,0.2284,9,18.6,15,0.401,0.4633,0,0,0,0,0,1,0,0,0
CUST-000495,539,0,0,2,2,16.785,17.51,33.57,2,0,0.0874,1,18.74,0,4.12,0.1617,19,19.3,25,0.215,0.2987,0,0,0,0,1,1,0,0,0
CUST-000496,761,0,0,2,2,98.64,160.64,197.28,0,0,0.0153,3,12.03,0,3.84,0.2912,17,8.8,22,0.07,0.1599,0,0,0,0,0,1,0,0,0
CUST-000497,230,0,1,3,1,23.97,23.97,23.97,1,0,0.0451,1,23.03,0,4.16,0.1736,9,5.6,10,0.192,0.2567,1,1,1,1,0,1,0,0,0
CUST-000498,692,0,0,1,7,44.3943,94.18,310.76,4,0,0.1804,0,0.0,0,4.85,0.0056,9,5.9,15,0.124,0.2287,1,1,0,0,0,1,0,0,0
CUST-000499,1691,1,2,1,3,42.0567,47.49,126.17,0,0,0.0045,0,0.0,0,4.41,0.0221,12,25.3,17,0.511,0.5448,0,0,0,0,0,0,0,1,0
CUST-000500,785,1,2,1,4,140.82,315.79,563.28,2,1,0.4658,0,0.0,0,5.0,0.0,13,16.5,19,0.301,0.3654,1,1,1,1,0,1,0,0,0
